<?xml version="1.0" encoding="UTF-8"?>
<databaseChangeLog xmlns="http://www.liquibase.org/xml/ns/dbchangelog"
	xmlns:xsi="http://www.w3.org/2001/XMLSchema-instance" xmlns:ext="http://www.liquibase.org/xml/ns/dbchangelog-ext"
	xsi:schemaLocation="http://www.liquibase.org/xml/ns/dbchangelog http://www.liquibase.org/xml/ns/dbchangelog/dbchangelog-3.0.xsd
        http://www.liquibase.org/xml/ns/dbchangelog-ext http://www.liquibase.org/xml/ns/dbchangelog/dbchangelog-ext.xsd">
	
    <property name="autoIncrement" value="false" dbms="postgresql,mssql,oracle"/>
    <property name="autoIncrement" value="true" dbms="h2"/>

    <changeSet id="1.0.1-createUserTable" author="skonstantinov" context="update" runInTransaction="false">
        <preConditions onFail="MARK_RAN">
            <not>
                <tableExists tableName="SK_CLIENT"/>
                <tableExists tableName="SK_ACCOUNT"/>
                <tableExists tableName="SK_OPERPART"/>

            </not>
        </preConditions>

        <createSequence sequenceName="SK_CLIENT_CLIENTID_seq" incrementBy="1" startValue="10000000"/>

        <createTable tableName="SK_CLIENT">
            <column name="CLIENTID" type="NUMERIC(19,0)"  autoIncrement="${autoIncrement}">
                <constraints primaryKey="true" nullable="false" />
            </column>


            <column name="NAME" type="VARCHAR(255)">
                <constraints nullable="false" />
            </column>

            <column name="BIRTHDAY" type="Date">
                <constraints nullable="false" />
            </column>
            <column name="INN" type="VARCHAR(25)">
                <constraints nullable="false" />
            </column>

        </createTable>
        <createSequence sequenceName="SK_ACCOUNT_ACCOUNTID_seq" incrementBy="1" startValue="1"/>

        <createTable tableName="SK_ACCOUNT">
            <column name="SK_ACCOUNTID" type="NUMERIC(19,0)"  autoIncrement="${autoIncrement}" >
                <constraints primaryKey="true" nullable="false" />
            </column>
            <column name="CLIENTID" type="NUMERIC(19,0)">
            <constraints nullable="false"  foreignKeyName="fk_SK_USERID" references="SK_CLIENT(CLIENTID)"/>
            </column>
            <column name="Brief" type="VARCHAR(35)">
                <constraints nullable="false" />
            </column>
            <column name="Currency" type="VARCHAR(3)">
                <constraints nullable="false" />
            </column>
        </createTable>

        <createSequence sequenceName="SK_OPERPART_OPERPARTID_seq" incrementBy="1" startValue="1"/>

        <createTable tableName="SK_OPERPART">
            <column name="SK_OPERPARTID" type="NUMERIC(19,0)"  autoIncrement="${autoIncrement}">
                <constraints primaryKey="true" nullable="false" />
            </column>
            <column name="SK_ACCOUNTID" type="NUMERIC(19,0)">
                <constraints nullable="false"  foreignKeyName="fk_SK_ACCOUNTID" references="SK_ACCOUNT(SK_ACCOUNTID)"/>
            </column>

            <column name="Qty" type="NUMERIC(28,10)">
                <constraints nullable="false" />
            </column>
            <column name="OperDate" type="DATETIME">
            <constraints nullable="false" />
        </column>
        </createTable>



        <comment>Creation of Test table</comment>
    </changeSet>



</databaseChangeLog>