<?xml version="1.0" encoding="utf-8"?>
<domains project-version="2.0">
  <domain name="WSDomain">
     <map name="CommonUserMap" location="map/CommonUser.map.xml"/>
     <map name="CommonMap" location="map/Common.map.xml"/>
     <map name="FCReport" location="map/fCReport/FCReport.map.xml"/>
     <map name="FCReport_Gen" location="map/fCReport/FCReport_Gen.map.xml"/>
     <map name="events" location="map/events/events.map.xml"/>
     <map name="events_Gen" location="map/events/events_Gen.map.xml"/>
     <map name="subscriptions" location="map/subscriptions/subscriptions.map.xml"/>
     <map name="subscriptions_Gen" location="map/subscriptions/subscriptions_Gen.map.xml"/>
     <map name="Protocol" location="map/Protocol.map.xml"/>
     <map name="Report" location="map/Report.map.xml"/>
     <map name="ReportHistory" location="map/ReportHistory.map.xml"/>
     <map name="ReportGroup" location="map/ReportGroup.map.xml"/>
     
	 <node name="FTFCREPORTWSNode"
		   datasource="MapNode.driver.xml"
		   factory="org.apache.cayenne.conf.DriverDataSourceFactory">
			 <map-ref name="CommonUserMap"/>
			 <map-ref name="CommonMap"/>
		   
			 <map-ref name="FCReport"/>
			 <map-ref name="FCReport_Gen"/>
		   
			 <map-ref name="events"/>
			 <map-ref name="events_Gen"/>
		   
			 <map-ref name="subscriptions"/>
			 <map-ref name="subscriptions_Gen"/>

             <map-ref name="Protocol"/>
             <map-ref name="Report"/>
             <map-ref name="ReportHistory"/>
             <map-ref name="ReportGroup"/>
	 </node>
  </domain>
</domains>