<?xml version='1.0' encoding='UTF-8'?>
<BODY version="2.11">
	<PACKAGEVERSIONEDOBJECTS type="java.util.List" />
	<PACKAGEROLES type="java.util.List">
		<ListItems>
			<Item type="java.util.Map">
				<RIGHTS type="java.util.List" />
				<ROLESYSNAME type="java.lang.String">FCReportAdmin</ROLESYSNAME>
				<DESCRIPTION type="java.lang.String">Администратор механизма отчетов</DESCRIPTION>
				<ROLENAME type="java.lang.String">Администратор механизма отчетов</ROLENAME>
			</Item>
			<Item type="java.util.Map">
				<RIGHTS type="java.util.List" />
				<ROLESYSNAME type="java.lang.String">FCReportUser</ROLESYSNAME>
				<DESCRIPTION type="java.lang.String">Пользователь механизма отчетов</DESCRIPTION>
				<ROLENAME type="java.lang.String">Пользователь механизма отчетов</ROLENAME>
			</Item>			
		</ListItems>
	</PACKAGEROLES>
	<PACKAGEDESCRIPTION type="java.util.Map">
		<SERVICEMETHODS type="java.util.List">
			<ListItems>
				<Item type="java.util.Map">
					<METHODNAME type="java.lang.String">dsFCReportProcessExecuteBuilding
					</METHODNAME>
					<FINDER type="java.lang.Integer">0</FINDER>
					<METHODPARAMSOUT type="java.util.List" />
					<METHODDESC type="java.lang.String">bObject.FCReport.bOperation.dsFCReportProcessExecuteBuilding.description
					</METHODDESC>
					<METHODPARAMSIN type="java.util.List">
						<ListItems>
							<Item type="java.util.Map">
								<REQUIRED type="java.lang.Boolean">true</REQUIRED>
								<ATTRNAME type="java.lang.String">FCReportID</ATTRNAME>
								<ATTRTYPE type="java.lang.String">LONG</ATTRTYPE>
								<ATTRDESC type="java.lang.String">bObject.FCReport.bOperation.dsFCReportProcessExecuteBuilding.inParam.FCReportID.description
								</ATTRDESC>
							</Item>
							<Item type="java.util.Map">
								<REQUIRED type="java.lang.Boolean">false</REQUIRED>
								<ATTRNAME type="java.lang.String">ProcessID</ATTRNAME>
								<ATTRTYPE type="java.lang.String">LONG</ATTRTYPE>
								<ATTRDESC type="java.lang.String">bObject.FCReport.bOperation.dsFCReportProcessExecuteBuilding.inParam.ProcessID.description
								</ATTRDESC>
							</Item>
						</ListItems>
					</METHODPARAMSIN>
				</Item>
				<Item type="java.util.Map">
					<METHODNAME type="java.lang.String">dsFCReportMassInsert</METHODNAME>
					<FINDER type="java.lang.Integer">0</FINDER>
					<METHODPARAMSOUT type="java.util.List" />
					<METHODDESC type="java.lang.String">bObject.FCReport.bOperation.dsFCReportMassInsert.description
					</METHODDESC>
					<METHODPARAMSIN type="java.util.List">
						<ListItems>
							<Item type="java.util.Map">
								<REQUIRED type="java.lang.Boolean">true</REQUIRED>
								<ATTRNAME type="java.lang.String">FCReportList</ATTRNAME>
								<ATTRTYPE type="java.lang.String">LIST</ATTRTYPE>
								<ATTRDESC type="java.lang.String">bObject.FCReport.bOperation.dsFCReportMassInsert.inParam.FCReportList.description
								</ATTRDESC>
								<ATTRCHILD type="java.util.List">
									<ListItems>
										<Item type="java.util.Map">
											<REQUIRED type="java.lang.Boolean">true</REQUIRED>
											<ATTRNAME type="java.lang.String">LinkID</ATTRNAME>
											<ATTRTYPE type="java.lang.String">LONG</ATTRTYPE>
											<ATTRDESC type="java.lang.String">bObject.FCReport.bOperation.dsFCReportMassInsert.inParam.FCReportList.LinkID.description
											</ATTRDESC>
										</Item>
										<Item type="java.util.Map">
											<REQUIRED type="java.lang.Boolean">true</REQUIRED>
											<ATTRNAME type="java.lang.String">FCReportName</ATTRNAME>
											<ATTRTYPE type="java.lang.String">STRING</ATTRTYPE>
											<ATTRDESC type="java.lang.String">bObject.FCReport.bOperation.dsFCReportMassInsert.inParam.FCReportList.FCReportName.description
											</ATTRDESC>
										</Item>
										<Item type="java.util.Map">
											<REQUIRED type="java.lang.Boolean">true</REQUIRED>
											<ATTRNAME type="java.lang.String">FCReportSysName</ATTRNAME>
											<ATTRTYPE type="java.lang.String">STRING</ATTRTYPE>
											<ATTRDESC type="java.lang.String">bObject.FCReport.bOperation.dsFCReportMassInsert.inParam.FCReportList.FCReportSysName.description
											</ATTRDESC>
										</Item>
										<Item type="java.util.Map">
											<REQUIRED type="java.lang.Boolean">false</REQUIRED>
											<ATTRNAME type="java.lang.String">FileFormat</ATTRNAME>
											<ATTRTYPE type="java.lang.String">INTEGER</ATTRTYPE>
											<ATTRDESC type="java.lang.String">bObject.FCReport.bOperation.dsFCReportMassInsert.inParam.FCReportList.FileFormat.description
											</ATTRDESC>
										</Item>
										<Item type="java.util.Map">
											<REQUIRED type="java.lang.Boolean">false</REQUIRED>
											<ATTRNAME type="java.lang.String">DeleteDataFlag</ATTRNAME>
											<ATTRTYPE type="java.lang.String">BOOLEAN</ATTRTYPE>
											<ATTRDESC type="java.lang.String">bObject.FCReport.bOperation.dsFCReportMassInsert.inParam.FCReportList.DeleteDataFlag.description
											</ATTRDESC>
										</Item>
										<Item type="java.util.Map">
											<REQUIRED type="java.lang.Boolean">false</REQUIRED>
											<ATTRNAME type="java.lang.String">TemplateName</ATTRNAME>
											<ATTRTYPE type="java.lang.String">STRING</ATTRTYPE>
											<ATTRDESC type="java.lang.String">bObject.FCReport.bOperation.dsFCReportMassInsert.inParam.FCReportList.TemplateName.description
											</ATTRDESC>
										</Item>
									</ListItems>
								</ATTRCHILD>
							</Item>
							<Item type="java.util.Map">
								<REQUIRED type="java.lang.Boolean">false</REQUIRED>
								<ATTRNAME type="java.lang.String">FCReportIDList</ATTRNAME>
								<ATTRTYPE type="java.lang.String">LIST</ATTRTYPE>
								<ATTRDESC type="java.lang.String">bObject.FCReport.bOperation.dsFCReportMassInsert.inParam.FCReportIDList.description
								</ATTRDESC>
								<ATTRCHILD type="java.util.List">
									<ListItems>
										<Item type="java.util.Map">
											<REQUIRED type="java.lang.Boolean">true</REQUIRED>
											<ATTRNAME type="java.lang.String">LinkID</ATTRNAME>
											<ATTRTYPE type="java.lang.String">LONG</ATTRTYPE>
											<ATTRDESC type="java.lang.String">bObject.FCReport.bOperation.dsFCReportMassInsert.inParam.FCReportIDList.LinkID.description
											</ATTRDESC>
										</Item>
										<Item type="java.util.Map">
											<REQUIRED type="java.lang.Boolean">true</REQUIRED>
											<ATTRNAME type="java.lang.String">FCReportID</ATTRNAME>
											<ATTRTYPE type="java.lang.String">LONG</ATTRTYPE>
											<ATTRDESC type="java.lang.String">bObject.FCReport.bOperation.dsFCReportMassInsert.inParam.FCReportIDList.FCReportID.description
											</ATTRDESC>
										</Item>
									</ListItems>
								</ATTRCHILD>
							</Item>
							<Item type="java.util.Map">
								<REQUIRED type="java.lang.Boolean">false</REQUIRED>
								<ATTRNAME type="java.lang.String">NotificationList</ATTRNAME>
								<ATTRTYPE type="java.lang.String">LIST</ATTRTYPE>
								<ATTRDESC type="java.lang.String">bObject.FCReport.bOperation.dsFCReportMassInsert.inParam.NotificationList.description
								</ATTRDESC>
								<ATTRCHILD type="java.util.List">
									<ListItems>
										<Item type="java.util.Map">
											<REQUIRED type="java.lang.Boolean">true</REQUIRED>
											<ATTRNAME type="java.lang.String">LinkID</ATTRNAME>
											<ATTRTYPE type="java.lang.String">LONG</ATTRTYPE>
											<ATTRDESC type="java.lang.String">bObject.FCReport.bOperation.dsFCReportMassInsert.inParam.NotificationList.LinkID.description
											</ATTRDESC>
										</Item>
										<Item type="java.util.Map">
											<REQUIRED type="java.lang.Boolean">true</REQUIRED>
											<ATTRNAME type="java.lang.String">NTFID</ATTRNAME>
											<ATTRTYPE type="java.lang.String">LONG</ATTRTYPE>
											<ATTRDESC type="java.lang.String">bObject.FCReport.bOperation.dsFCReportMassInsert.inParam.NotificationList.NTFID.description
											</ATTRDESC>
										</Item>
										<Item type="java.util.Map">
											<REQUIRED type="java.lang.Boolean">false</REQUIRED>
											<ATTRNAME type="java.lang.String">NTFMessage</ATTRNAME>
											<ATTRTYPE type="java.lang.String">STRING</ATTRTYPE>
											<ATTRDESC type="java.lang.String">bObject.FCReport.bOperation.dsFCReportMassInsert.inParam.NotificationList.NTFMessage.description
											</ATTRDESC>
										</Item>
									</ListItems>
								</ATTRCHILD>
							</Item>
						</ListItems>
					</METHODPARAMSIN>
				</Item>
				<Item type="java.util.Map">
					<METHODNAME type="java.lang.String">dsFCReportDelete</METHODNAME>
					<FINDER type="java.lang.Integer">0</FINDER>
					<METHODPARAMSOUT type="java.util.List" />
					<METHODDESC type="java.lang.String">bObject.FCReport.bOperation.dsFCReportDelete.description
					</METHODDESC>
					<METHODPARAMSIN type="java.util.List">
						<ListItems>
							<Item type="java.util.Map">
								<REQUIRED type="java.lang.Boolean">true</REQUIRED>
								<ATTRNAME type="java.lang.String">FCReportID</ATTRNAME>
								<ATTRTYPE type="java.lang.String">LONG</ATTRTYPE>
								<ATTRDESC type="java.lang.String">bObject.FCReport.bOperation.dsFCReportDelete.inParam.FCReportID.description
								</ATTRDESC>
							</Item>
						</ListItems>
					</METHODPARAMSIN>
				</Item>
				<Item type="java.util.Map">
					<METHODNAME type="java.lang.String">dsFCReportUpdate</METHODNAME>
					<FINDER type="java.lang.Integer">0</FINDER>
					<METHODPARAMSOUT type="java.util.List" />
					<METHODDESC type="java.lang.String">bObject.FCReport.bOperation.dsFCReportUpdate.description
					</METHODDESC>
					<METHODPARAMSIN type="java.util.List">
						<ListItems>
							<Item type="java.util.Map">
								<REQUIRED type="java.lang.Boolean">true</REQUIRED>
								<ATTRNAME type="java.lang.String">FCReportID</ATTRNAME>
								<ATTRTYPE type="java.lang.String">LONG</ATTRTYPE>
								<ATTRDESC type="java.lang.String">bObject.FCReport.bOperation.dsFCReportUpdate.inParam.FCReportID.description
								</ATTRDESC>
							</Item>
							<Item type="java.util.Map">
								<REQUIRED type="java.lang.Boolean">false</REQUIRED>
								<ATTRNAME type="java.lang.String">FCReportName</ATTRNAME>
								<ATTRTYPE type="java.lang.String">STRING</ATTRTYPE>
								<ATTRDESC type="java.lang.String">bObject.FCReport.bOperation.dsFCReportUpdate.inParam.FCReportName.description
								</ATTRDESC>
							</Item>
							<Item type="java.util.Map">
								<REQUIRED type="java.lang.Boolean">false</REQUIRED>
								<ATTRNAME type="java.lang.String">FCReportSysName</ATTRNAME>
								<ATTRTYPE type="java.lang.String">STRING</ATTRTYPE>
								<ATTRDESC type="java.lang.String">bObject.FCReport.bOperation.dsFCReportUpdate.inParam.FCReportSysName.description
								</ATTRDESC>
							</Item>
							<Item type="java.util.Map">
								<REQUIRED type="java.lang.Boolean">false</REQUIRED>
								<ATTRNAME type="java.lang.String">FileFormat</ATTRNAME>
								<ATTRTYPE type="java.lang.String">INTEGER</ATTRTYPE>
								<ATTRDESC type="java.lang.String">bObject.FCReport.bOperation.dsFCReportUpdate.inParam.FileFormat.description
								</ATTRDESC>
							</Item>
							<Item type="java.util.Map">
								<REQUIRED type="java.lang.Boolean">false</REQUIRED>
								<ATTRNAME type="java.lang.String">DeleteDataFlag</ATTRNAME>
								<ATTRTYPE type="java.lang.String">BOOLEAN</ATTRTYPE>
								<ATTRDESC type="java.lang.String">bObject.FCReport.bOperation.dsFCReportUpdate.inParam.DeleteDataFlag.description
								</ATTRDESC>
							</Item>
							<Item type="java.util.Map">
								<REQUIRED type="java.lang.Boolean">false</REQUIRED>
								<ATTRNAME type="java.lang.String">TemplateName</ATTRNAME>
								<ATTRTYPE type="java.lang.String">STRING</ATTRTYPE>
								<ATTRDESC type="java.lang.String">bObject.FCReport.bOperation.dsFCReportUpdate.inParam.TemplateName.description
								</ATTRDESC>
							</Item>
						</ListItems>
					</METHODPARAMSIN>
				</Item>
				<Item type="java.util.Map">
					<METHODNAME type="java.lang.String">dsFCReportBrowseListByParam
					</METHODNAME>
					<FINDER type="java.lang.Integer">0</FINDER>
					<METHODPARAMSOUT type="java.util.List" />
					<METHODDESC type="java.lang.String">bObject.FCReport.bOperation.dsFCReportBrowseListByParam.description
					</METHODDESC>
					<METHODPARAMSIN type="java.util.List">
						<ListItems>
							<Item type="java.util.Map">
								<REQUIRED type="java.lang.Boolean">false</REQUIRED>
								<ATTRNAME type="java.lang.String">FCReportID</ATTRNAME>
								<ATTRTYPE type="java.lang.String">LONG</ATTRTYPE>
								<ATTRDESC type="java.lang.String">bObject.FCReport.bOperation.dsFCReportBrowseListByParam.inParam.FCReportID.description
								</ATTRDESC>
							</Item>
							<Item type="java.util.Map">
								<REQUIRED type="java.lang.Boolean">false</REQUIRED>
								<ATTRNAME type="java.lang.String">FCReportName</ATTRNAME>
								<ATTRTYPE type="java.lang.String">STRING</ATTRTYPE>
								<ATTRDESC type="java.lang.String">bObject.FCReport.bOperation.dsFCReportBrowseListByParam.inParam.FCReportName.description
								</ATTRDESC>
							</Item>
							<Item type="java.util.Map">
								<REQUIRED type="java.lang.Boolean">false</REQUIRED>
								<ATTRNAME type="java.lang.String">FCReportSysName</ATTRNAME>
								<ATTRTYPE type="java.lang.String">STRING</ATTRTYPE>
								<ATTRDESC type="java.lang.String">bObject.FCReport.bOperation.dsFCReportBrowseListByParam.inParam.FCReportSysName.description
								</ATTRDESC>
							</Item>
							<Item type="java.util.Map">
								<REQUIRED type="java.lang.Boolean">false</REQUIRED>
								<ATTRNAME type="java.lang.String">UserLogin</ATTRNAME>
								<ATTRTYPE type="java.lang.String">STRING</ATTRTYPE>
								<ATTRDESC type="java.lang.String">bObject.FCReport.bOperation.dsFCReportBrowseListByParam.inParam.UserLogin.description
								</ATTRDESC>
							</Item>
							<Item type="java.util.Map">
								<REQUIRED type="java.lang.Boolean">false</REQUIRED>
								<ATTRNAME type="java.lang.String">ORDERBY</ATTRNAME>
								<ATTRTYPE type="java.lang.String">STRING</ATTRTYPE>
								<ATTRDESC type="java.lang.String">bObject.FCReport.bOperation.dsFCReportBrowseListByParam.inParam.ORDERBY.description
								</ATTRDESC>
							</Item>
							<Item type="java.util.Map">
								<REQUIRED type="java.lang.Boolean">false</REQUIRED>
								<ATTRNAME type="java.lang.String">PAGE</ATTRNAME>
								<ATTRTYPE type="java.lang.String">INTEGER</ATTRTYPE>
								<ATTRDESC type="java.lang.String">bObject.FCReport.bOperation.dsFCReportBrowseListByParam.inParam.PAGE.description
								</ATTRDESC>
							</Item>
							<Item type="java.util.Map">
								<REQUIRED type="java.lang.Boolean">false</REQUIRED>
								<ATTRNAME type="java.lang.String">ROWSCOUNT</ATTRNAME>
								<ATTRTYPE type="java.lang.String">INTEGER</ATTRTYPE>
								<ATTRDESC type="java.lang.String">bObject.FCReport.bOperation.dsFCReportBrowseListByParam.inParam.ROWSCOUNT.description
								</ATTRDESC>
							</Item>
							<Item type="java.util.Map">
								<REQUIRED type="java.lang.Boolean">true</REQUIRED>
								<ATTRNAME type="java.lang.String">TOTALCOUNT</ATTRNAME>
								<ATTRTYPE type="java.lang.String">INTEGER</ATTRTYPE>
								<ATTRDESC type="java.lang.String">bObject.FCReport.bOperation.dsFCReportBrowseListByParam.inParam.TOTALCOUNT.description
								</ATTRDESC>
							</Item>
							<Item type="java.util.Map">
								<REQUIRED type="java.lang.Boolean">false</REQUIRED>
								<ATTRNAME type="java.lang.String">Result</ATTRNAME>
								<ATTRTYPE type="java.lang.String">LIST</ATTRTYPE>
								<ATTRDESC type="java.lang.String">bObject.FCReport.bOperation.dsFCReportBrowseListByParam.inParam.Result.description
								</ATTRDESC>
								<ATTRCHILD type="java.util.List">
									<ListItems>
										<Item type="java.util.Map">
											<REQUIRED type="java.lang.Boolean">true</REQUIRED>
											<ATTRNAME type="java.lang.String">FCReportID</ATTRNAME>
											<ATTRTYPE type="java.lang.String">LONG</ATTRTYPE>
											<ATTRDESC type="java.lang.String">bObject.FCReport.bOperation.dsFCReportBrowseListByParam.inParam.Result.FCReportID.description
											</ATTRDESC>
										</Item>
										<Item type="java.util.Map">
											<REQUIRED type="java.lang.Boolean">false</REQUIRED>
											<ATTRNAME type="java.lang.String">FCReportName</ATTRNAME>
											<ATTRTYPE type="java.lang.String">STRING</ATTRTYPE>
											<ATTRDESC type="java.lang.String">bObject.FCReport.bOperation.dsFCReportBrowseListByParam.inParam.Result.FCReportName.description
											</ATTRDESC>
										</Item>
										<Item type="java.util.Map">
											<REQUIRED type="java.lang.Boolean">false</REQUIRED>
											<ATTRNAME type="java.lang.String">FCReportSysName</ATTRNAME>
											<ATTRTYPE type="java.lang.String">STRING</ATTRTYPE>
											<ATTRDESC type="java.lang.String">bObject.FCReport.bOperation.dsFCReportBrowseListByParam.inParam.Result.FCReportSysName.description
											</ATTRDESC>
										</Item>
										<Item type="java.util.Map">
											<REQUIRED type="java.lang.Boolean">false</REQUIRED>
											<ATTRNAME type="java.lang.String">DeleteDataFlag</ATTRNAME>
											<ATTRTYPE type="java.lang.String">BOOLEAN</ATTRTYPE>
											<ATTRDESC type="java.lang.String">bObject.FCReport.bOperation.dsFCReportBrowseListByParam.inParam.Result.DeleteDataFlag.description
											</ATTRDESC>
										</Item>
										<Item type="java.util.Map">
											<REQUIRED type="java.lang.Boolean">false</REQUIRED>
											<ATTRNAME type="java.lang.String">UserLogin</ATTRNAME>
											<ATTRTYPE type="java.lang.String">STRING</ATTRTYPE>
											<ATTRDESC type="java.lang.String">bObject.FCReport.bOperation.dsFCReportBrowseListByParam.inParam.Result.UserLogin.description
											</ATTRDESC>
										</Item>
									</ListItems>
								</ATTRCHILD>
							</Item>
						</ListItems>
					</METHODPARAMSIN>
				</Item>
				<Item type="java.util.Map">
					<METHODNAME type="java.lang.String">dsFCReportFindByID</METHODNAME>
					<FINDER type="java.lang.Integer">0</FINDER>
					<METHODPARAMSOUT type="java.util.List" />
					<METHODDESC type="java.lang.String">bObject.FCReport.bOperation.dsFCReportFindByID.description
					</METHODDESC>
					<METHODPARAMSIN type="java.util.List">
						<ListItems>
							<Item type="java.util.Map">
								<REQUIRED type="java.lang.Boolean">true</REQUIRED>
								<ATTRNAME type="java.lang.String">FCReportID</ATTRNAME>
								<ATTRTYPE type="java.lang.String">LONG</ATTRTYPE>
								<ATTRDESC type="java.lang.String">bObject.FCReport.bOperation.dsFCReportFindByID.inParam.FCReportID.description
								</ATTRDESC>
							</Item>
							<Item type="java.util.Map">
								<REQUIRED type="java.lang.Boolean">true</REQUIRED>
								<ATTRNAME type="java.lang.String">FCReportID</ATTRNAME>
								<ATTRTYPE type="java.lang.String">LONG</ATTRTYPE>
								<ATTRDESC type="java.lang.String">bObject.FCReport.bOperation.dsFCReportFindByID.inParam.FCReportID.description
								</ATTRDESC>
							</Item>
							<Item type="java.util.Map">
								<REQUIRED type="java.lang.Boolean">false</REQUIRED>
								<ATTRNAME type="java.lang.String">FCReportName</ATTRNAME>
								<ATTRTYPE type="java.lang.String">STRING</ATTRTYPE>
								<ATTRDESC type="java.lang.String">bObject.FCReport.bOperation.dsFCReportFindByID.inParam.FCReportName.description
								</ATTRDESC>
							</Item>
							<Item type="java.util.Map">
								<REQUIRED type="java.lang.Boolean">false</REQUIRED>
								<ATTRNAME type="java.lang.String">FCReportSysName</ATTRNAME>
								<ATTRTYPE type="java.lang.String">STRING</ATTRTYPE>
								<ATTRDESC type="java.lang.String">bObject.FCReport.bOperation.dsFCReportFindByID.inParam.FCReportSysName.description
								</ATTRDESC>
							</Item>
							<Item type="java.util.Map">
								<REQUIRED type="java.lang.Boolean">false</REQUIRED>
								<ATTRNAME type="java.lang.String">DeleteDataFlag</ATTRNAME>
								<ATTRTYPE type="java.lang.String">BOOLEAN</ATTRTYPE>
								<ATTRDESC type="java.lang.String">bObject.FCReport.bOperation.dsFCReportFindByID.inParam.DeleteDataFlag.description
								</ATTRDESC>
							</Item>
							<Item type="java.util.Map">
								<REQUIRED type="java.lang.Boolean">false</REQUIRED>
								<ATTRNAME type="java.lang.String">FileFormat</ATTRNAME>
								<ATTRTYPE type="java.lang.String">INTEGER</ATTRTYPE>
								<ATTRDESC type="java.lang.String">bObject.FCReport.bOperation.dsFCReportFindByID.inParam.FileFormat.description
								</ATTRDESC>
							</Item>
							<Item type="java.util.Map">
								<REQUIRED type="java.lang.Boolean">false</REQUIRED>
								<ATTRNAME type="java.lang.String">UserLogin</ATTRNAME>
								<ATTRTYPE type="java.lang.String">STRING</ATTRTYPE>
								<ATTRDESC type="java.lang.String">bObject.FCReport.bOperation.dsFCReportFindByID.inParam.UserLogin.description
								</ATTRDESC>
							</Item>
							<Item type="java.util.Map">
								<REQUIRED type="java.lang.Boolean">false</REQUIRED>
								<ATTRNAME type="java.lang.String">TemplateName</ATTRNAME>
								<ATTRTYPE type="java.lang.String">STRING</ATTRTYPE>
								<ATTRDESC type="java.lang.String">bObject.FCReport.bOperation.dsFCReportFindByID.inParam.TemplateName.description
								</ATTRDESC>
							</Item>
						</ListItems>
					</METHODPARAMSIN>
				</Item>
				<Item type="java.util.Map">
					<METHODNAME type="java.lang.String">dsFCReportMassInsertMethod</METHODNAME>
					<FINDER type="java.lang.Integer">0</FINDER>
					<METHODPARAMSOUT type="java.util.List" />
					<METHODDESC type="java.lang.String">bObject.FCReport.bOperation.dsFCReportMassInsertMethod.description
					</METHODDESC>
					<METHODPARAMSIN type="java.util.List">
						<ListItems>
							<Item type="java.util.Map">
								<REQUIRED type="java.lang.Boolean">true</REQUIRED>
								<ATTRNAME type="java.lang.String">MethodList</ATTRNAME>
								<ATTRTYPE type="java.lang.String">LIST</ATTRTYPE>
								<ATTRDESC type="java.lang.String">bObject.FCReport.bOperation.dsFCReportMassInsertMethod.inParam.MethodList.description
								</ATTRDESC>
								<ATTRCHILD type="java.util.List">
									<ListItems>
										<Item type="java.util.Map">
											<REQUIRED type="java.lang.Boolean">true</REQUIRED>
											<ATTRNAME type="java.lang.String">LinkID</ATTRNAME>
											<ATTRTYPE type="java.lang.String">LONG</ATTRTYPE>
											<ATTRDESC type="java.lang.String">bObject.FCReport.bOperation.dsFCReportMassInsertMethod.inParam.MethodList.LinkID.description
											</ATTRDESC>
										</Item>
										<Item type="java.util.Map">
											<REQUIRED type="java.lang.Boolean">true</REQUIRED>
											<ATTRNAME type="java.lang.String">FCReportID</ATTRNAME>
											<ATTRTYPE type="java.lang.String">LONG</ATTRTYPE>
											<ATTRDESC type="java.lang.String">bObject.FCReport.bOperation.dsFCReportMassInsertMethod.inParam.MethodList.FCReportID.description
											</ATTRDESC>
										</Item>
										<Item type="java.util.Map">
											<REQUIRED type="java.lang.Boolean">true</REQUIRED>
											<ATTRNAME type="java.lang.String">ServiceName</ATTRNAME>
											<ATTRTYPE type="java.lang.String">STRING</ATTRTYPE>
											<ATTRDESC type="java.lang.String">bObject.FCReport.bOperation.dsFCReportMassInsertMethod.inParam.MethodList.ServiceName.description
											</ATTRDESC>
										</Item>
										<Item type="java.util.Map">
											<REQUIRED type="java.lang.Boolean">true</REQUIRED>
											<ATTRNAME type="java.lang.String">MethodName</ATTRNAME>
											<ATTRTYPE type="java.lang.String">STRING</ATTRTYPE>
											<ATTRDESC type="java.lang.String">bObject.FCReport.bOperation.dsFCReportMassInsertMethod.inParam.MethodList.MethodName.description
											</ATTRDESC>
										</Item>
									</ListItems>
								</ATTRCHILD>
							</Item>
							<Item type="java.util.Map">
								<REQUIRED type="java.lang.Boolean">true</REQUIRED>
								<ATTRNAME type="java.lang.String">TableList</ATTRNAME>
								<ATTRTYPE type="java.lang.String">LIST</ATTRTYPE>
								<ATTRDESC type="java.lang.String">bObject.FCReport.bOperation.dsFCReportMassInsertMethod.inParam.TableList.description
								</ATTRDESC>
								<ATTRCHILD type="java.util.List">
									<ListItems>
										<Item type="java.util.Map">
											<REQUIRED type="java.lang.Boolean">true</REQUIRED>
											<ATTRNAME type="java.lang.String">LinkID</ATTRNAME>
											<ATTRTYPE type="java.lang.String">LONG</ATTRTYPE>
											<ATTRDESC type="java.lang.String">bObject.FCReport.bOperation.dsFCReportMassInsertMethod.inParam.TableList.LinkID.description
											</ATTRDESC>
										</Item>
										<Item type="java.util.Map">
											<REQUIRED type="java.lang.Boolean">false</REQUIRED>
											<ATTRNAME type="java.lang.String">OutputDatasetName</ATTRNAME>
											<ATTRTYPE type="java.lang.String">STRING</ATTRTYPE>
											<ATTRDESC type="java.lang.String">bObject.FCReport.bOperation.dsFCReportMassInsertMethod.inParam.TableList.OutputDatasetName.description
											</ATTRDESC>
										</Item>
										<Item type="java.util.Map">
											<REQUIRED type="java.lang.Boolean">true</REQUIRED>
											<ATTRNAME type="java.lang.String">TableName</ATTRNAME>
											<ATTRTYPE type="java.lang.String">STRING</ATTRTYPE>
											<ATTRDESC type="java.lang.String">bObject.FCReport.bOperation.dsFCReportMassInsertMethod.inParam.TableList.TableName.description
											</ATTRDESC>
										</Item>
									</ListItems>
								</ATTRCHILD>
							</Item>
							<Item type="java.util.Map">
								<REQUIRED type="java.lang.Boolean">false</REQUIRED>
								<ATTRNAME type="java.lang.String">MethodIDList</ATTRNAME>
								<ATTRTYPE type="java.lang.String">LIST</ATTRTYPE>
								<ATTRDESC type="java.lang.String">bObject.FCReport.bOperation.dsFCReportMassInsertMethod.inParam.MethodIDList.description
								</ATTRDESC>
								<ATTRCHILD type="java.util.List">
									<ListItems>
										<Item type="java.util.Map">
											<REQUIRED type="java.lang.Boolean">true</REQUIRED>
											<ATTRNAME type="java.lang.String">LinkID</ATTRNAME>
											<ATTRTYPE type="java.lang.String">LONG</ATTRTYPE>
											<ATTRDESC type="java.lang.String">bObject.FCReport.bOperation.dsFCReportMassInsertMethod.inParam.MethodIDList.LinkID.description
											</ATTRDESC>
										</Item>
										<Item type="java.util.Map">
											<REQUIRED type="java.lang.Boolean">true</REQUIRED>
											<ATTRNAME type="java.lang.String">MethodID</ATTRNAME>
											<ATTRTYPE type="java.lang.String">LONG</ATTRTYPE>
											<ATTRDESC type="java.lang.String">bObject.FCReport.bOperation.dsFCReportMassInsertMethod.inParam.MethodIDList.MethodID.description
											</ATTRDESC>
										</Item>
									</ListItems>
								</ATTRCHILD>
							</Item>
							<Item type="java.util.Map">
								<REQUIRED type="java.lang.Boolean">false</REQUIRED>
								<ATTRNAME type="java.lang.String">NotificationList</ATTRNAME>
								<ATTRTYPE type="java.lang.String">LIST</ATTRTYPE>
								<ATTRDESC type="java.lang.String">bObject.FCReport.bOperation.dsFCReportMassInsertMethod.inParam.NotificationList.description
								</ATTRDESC>
								<ATTRCHILD type="java.util.List">
									<ListItems>
										<Item type="java.util.Map">
											<REQUIRED type="java.lang.Boolean">true</REQUIRED>
											<ATTRNAME type="java.lang.String">LinkID</ATTRNAME>
											<ATTRTYPE type="java.lang.String">LONG</ATTRTYPE>
											<ATTRDESC type="java.lang.String">bObject.FCReport.bOperation.dsFCReportMassInsertMethod.inParam.NotificationList.LinkID.description
											</ATTRDESC>
										</Item>
										<Item type="java.util.Map">
											<REQUIRED type="java.lang.Boolean">true</REQUIRED>
											<ATTRNAME type="java.lang.String">NTFID</ATTRNAME>
											<ATTRTYPE type="java.lang.String">LONG</ATTRTYPE>
											<ATTRDESC type="java.lang.String">bObject.FCReport.bOperation.dsFCReportMassInsertMethod.inParam.NotificationList.NTFID.description
											</ATTRDESC>
										</Item>
										<Item type="java.util.Map">
											<REQUIRED type="java.lang.Boolean">false</REQUIRED>
											<ATTRNAME type="java.lang.String">NTFMessage</ATTRNAME>
											<ATTRTYPE type="java.lang.String">STRING</ATTRTYPE>
											<ATTRDESC type="java.lang.String">bObject.FCReport.bOperation.dsFCReportMassInsertMethod.inParam.NotificationList.NTFMessage.description
											</ATTRDESC>
										</Item>
									</ListItems>
								</ATTRCHILD>
							</Item>
						</ListItems>
					</METHODPARAMSIN>
				</Item>
				<Item type="java.util.Map">
					<METHODNAME type="java.lang.String">dsFCReportDeleteMethod</METHODNAME>
					<FINDER type="java.lang.Integer">0</FINDER>
					<METHODPARAMSOUT type="java.util.List" />
					<METHODDESC type="java.lang.String">bObject.FCReport.bOperation.dsFCReportDeleteMethod.description
					</METHODDESC>
					<METHODPARAMSIN type="java.util.List">
						<ListItems>
							<Item type="java.util.Map">
								<REQUIRED type="java.lang.Boolean">true</REQUIRED>
								<ATTRNAME type="java.lang.String">MethodID</ATTRNAME>
								<ATTRTYPE type="java.lang.String">LONG</ATTRTYPE>
								<ATTRDESC type="java.lang.String">bObject.FCReport.bOperation.dsFCReportDeleteMethod.inParam.MethodID.description
								</ATTRDESC>
							</Item>
						</ListItems>
					</METHODPARAMSIN>
				</Item>
				<Item type="java.util.Map">
					<METHODNAME type="java.lang.String">dsFCReportUpdateMethod</METHODNAME>
					<FINDER type="java.lang.Integer">0</FINDER>
					<METHODPARAMSOUT type="java.util.List" />
					<METHODDESC type="java.lang.String">bObject.FCReport.bOperation.dsFCReportUpdateMethod.description
					</METHODDESC>
					<METHODPARAMSIN type="java.util.List">
						<ListItems>
							<Item type="java.util.Map">
								<REQUIRED type="java.lang.Boolean">true</REQUIRED>
								<ATTRNAME type="java.lang.String">MethodID</ATTRNAME>
								<ATTRTYPE type="java.lang.String">LONG</ATTRTYPE>
								<ATTRDESC type="java.lang.String">bObject.FCReport.bOperation.dsFCReportUpdateMethod.inParam.MethodID.description
								</ATTRDESC>
							</Item>
							<Item type="java.util.Map">
								<REQUIRED type="java.lang.Boolean">false</REQUIRED>
								<ATTRNAME type="java.lang.String">MethodName</ATTRNAME>
								<ATTRTYPE type="java.lang.String">STRING</ATTRTYPE>
								<ATTRDESC type="java.lang.String">bObject.FCReport.bOperation.dsFCReportUpdateMethod.inParam.MethodName.description
								</ATTRDESC>
							</Item>
							<Item type="java.util.Map">
								<REQUIRED type="java.lang.Boolean">false</REQUIRED>
								<ATTRNAME type="java.lang.String">ServiceName</ATTRNAME>
								<ATTRTYPE type="java.lang.String">STRING</ATTRTYPE>
								<ATTRDESC type="java.lang.String">bObject.FCReport.bOperation.dsFCReportUpdateMethod.inParam.ServiceName.description
								</ATTRDESC>
							</Item>
							<Item type="java.util.Map">
								<REQUIRED type="java.lang.Boolean">false</REQUIRED>
								<ATTRNAME type="java.lang.String">TableList</ATTRNAME>
								<ATTRTYPE type="java.lang.String">LIST</ATTRTYPE>
								<ATTRDESC type="java.lang.String">bObject.FCReport.bOperation.dsFCReportUpdateMethod.inParam.TableList.description
								</ATTRDESC>
								<ATTRCHILD type="java.util.List">
									<ListItems>
										<Item type="java.util.Map">
											<REQUIRED type="java.lang.Boolean">false</REQUIRED>
											<ATTRNAME type="java.lang.String">OutputDatasetName</ATTRNAME>
											<ATTRTYPE type="java.lang.String">STRING</ATTRTYPE>
											<ATTRDESC type="java.lang.String">bObject.FCReport.bOperation.dsFCReportUpdateMethod.inParam.TableList.OutputDatasetName.description
											</ATTRDESC>
										</Item>
										<Item type="java.util.Map">
											<REQUIRED type="java.lang.Boolean">false</REQUIRED>
											<ATTRNAME type="java.lang.String">TableName</ATTRNAME>
											<ATTRTYPE type="java.lang.String">STRING</ATTRTYPE>
											<ATTRDESC type="java.lang.String">bObject.FCReport.bOperation.dsFCReportUpdateMethod.inParam.TableList.TableName.description
											</ATTRDESC>
										</Item>
										<Item type="java.util.Map">
											<REQUIRED type="java.lang.Boolean">true</REQUIRED>
											<ATTRNAME type="java.lang.String">MethodID</ATTRNAME>
											<ATTRTYPE type="java.lang.String">LONG</ATTRTYPE>
											<ATTRDESC type="java.lang.String">bObject.FCReport.bOperation.dsFCReportUpdateMethod.inParam.TableList.MethodID.description
											</ATTRDESC>
										</Item>
									</ListItems>
								</ATTRCHILD>
							</Item>
						</ListItems>
					</METHODPARAMSIN>
				</Item>
				<Item type="java.util.Map">
					<METHODNAME type="java.lang.String">dsFCReportFindMethodByID</METHODNAME>
					<FINDER type="java.lang.Integer">0</FINDER>
					<METHODPARAMSOUT type="java.util.List" />
					<METHODDESC type="java.lang.String">bObject.FCReport.bOperation.dsFCReportFindMethodByID.description
					</METHODDESC>
					<METHODPARAMSIN type="java.util.List">
						<ListItems>
							<Item type="java.util.Map">
								<REQUIRED type="java.lang.Boolean">true</REQUIRED>
								<ATTRNAME type="java.lang.String">MethodID</ATTRNAME>
								<ATTRTYPE type="java.lang.String">LONG</ATTRTYPE>
								<ATTRDESC type="java.lang.String">bObject.FCReport.bOperation.dsFCReportFindMethodByID.inParam.MethodID.description
								</ATTRDESC>
							</Item>
							<Item type="java.util.Map">
								<REQUIRED type="java.lang.Boolean">true</REQUIRED>
								<ATTRNAME type="java.lang.String">MethodID</ATTRNAME>
								<ATTRTYPE type="java.lang.String">LONG</ATTRTYPE>
								<ATTRDESC type="java.lang.String">bObject.FCReport.bOperation.dsFCReportFindMethodByID.inParam.MethodID.description
								</ATTRDESC>
							</Item>
							<Item type="java.util.Map">
								<REQUIRED type="java.lang.Boolean">false</REQUIRED>
								<ATTRNAME type="java.lang.String">MethodName</ATTRNAME>
								<ATTRTYPE type="java.lang.String">STRING</ATTRTYPE>
								<ATTRDESC type="java.lang.String">bObject.FCReport.bOperation.dsFCReportFindMethodByID.inParam.MethodName.description
								</ATTRDESC>
							</Item>
							<Item type="java.util.Map">
								<REQUIRED type="java.lang.Boolean">false</REQUIRED>
								<ATTRNAME type="java.lang.String">ServiceName</ATTRNAME>
								<ATTRTYPE type="java.lang.String">STRING</ATTRTYPE>
								<ATTRDESC type="java.lang.String">bObject.FCReport.bOperation.dsFCReportFindMethodByID.inParam.ServiceName.description
								</ATTRDESC>
							</Item>
							<Item type="java.util.Map">
								<REQUIRED type="java.lang.Boolean">false</REQUIRED>
								<ATTRNAME type="java.lang.String">FCReportID</ATTRNAME>
								<ATTRTYPE type="java.lang.String">LONG</ATTRTYPE>
								<ATTRDESC type="java.lang.String">bObject.FCReport.bOperation.dsFCReportFindMethodByID.inParam.FCReportID.description
								</ATTRDESC>
							</Item>
							<Item type="java.util.Map">
								<REQUIRED type="java.lang.Boolean">false</REQUIRED>
								<ATTRNAME type="java.lang.String">TableList</ATTRNAME>
								<ATTRTYPE type="java.lang.String">LIST</ATTRTYPE>
								<ATTRDESC type="java.lang.String">bObject.FCReport.bOperation.dsFCReportFindMethodByID.inParam.TableList.description
								</ATTRDESC>
								<ATTRCHILD type="java.util.List">
									<ListItems>
										<Item type="java.util.Map">
											<REQUIRED type="java.lang.Boolean">false</REQUIRED>
											<ATTRNAME type="java.lang.String">OutputDatasetName</ATTRNAME>
											<ATTRTYPE type="java.lang.String">STRING</ATTRTYPE>
											<ATTRDESC type="java.lang.String">bObject.FCReport.bOperation.dsFCReportFindMethodByID.inParam.TableList.OutputDatasetName.description
											</ATTRDESC>
										</Item>
										<Item type="java.util.Map">
											<REQUIRED type="java.lang.Boolean">false</REQUIRED>
											<ATTRNAME type="java.lang.String">TableName</ATTRNAME>
											<ATTRTYPE type="java.lang.String">STRING</ATTRTYPE>
											<ATTRDESC type="java.lang.String">bObject.FCReport.bOperation.dsFCReportFindMethodByID.inParam.TableList.TableName.description
											</ATTRDESC>
										</Item>
										<Item type="java.util.Map">
											<REQUIRED type="java.lang.Boolean">true</REQUIRED>
											<ATTRNAME type="java.lang.String">MethodID</ATTRNAME>
											<ATTRTYPE type="java.lang.String">LONG</ATTRTYPE>
											<ATTRDESC type="java.lang.String">bObject.FCReport.bOperation.dsFCReportFindMethodByID.inParam.TableList.MethodID.description
											</ATTRDESC>
										</Item>
									</ListItems>
								</ATTRCHILD>
							</Item>
						</ListItems>
					</METHODPARAMSIN>
				</Item>
				<Item type="java.util.Map">
					<METHODNAME type="java.lang.String">dsFCReportBrowseListMethodByParam
					</METHODNAME>
					<FINDER type="java.lang.Integer">0</FINDER>
					<METHODPARAMSOUT type="java.util.List" />
					<METHODDESC type="java.lang.String">bObject.FCReport.bOperation.dsFCReportBrowseListMethodByParam.description
					</METHODDESC>
					<METHODPARAMSIN type="java.util.List">
						<ListItems>
							<Item type="java.util.Map">
								<REQUIRED type="java.lang.Boolean">true</REQUIRED>
								<ATTRNAME type="java.lang.String">FCReportID</ATTRNAME>
								<ATTRTYPE type="java.lang.String">LONG</ATTRTYPE>
								<ATTRDESC type="java.lang.String">bObject.FCReport.bOperation.dsFCReportBrowseListMethodByParam.inParam.FCReportID.description
								</ATTRDESC>
							</Item>
							<Item type="java.util.Map">
								<REQUIRED type="java.lang.Boolean">false</REQUIRED>
								<ATTRNAME type="java.lang.String">MethodID</ATTRNAME>
								<ATTRTYPE type="java.lang.String">LONG</ATTRTYPE>
								<ATTRDESC type="java.lang.String">bObject.FCReport.bOperation.dsFCReportBrowseListMethodByParam.inParam.MethodID.description
								</ATTRDESC>
							</Item>
							<Item type="java.util.Map">
								<REQUIRED type="java.lang.Boolean">false</REQUIRED>
								<ATTRNAME type="java.lang.String">ServiceName</ATTRNAME>
								<ATTRTYPE type="java.lang.String">STRING</ATTRTYPE>
								<ATTRDESC type="java.lang.String">bObject.FCReport.bOperation.dsFCReportBrowseListMethodByParam.inParam.ServiceName.description
								</ATTRDESC>
							</Item>
							<Item type="java.util.Map">
								<REQUIRED type="java.lang.Boolean">false</REQUIRED>
								<ATTRNAME type="java.lang.String">MethodName</ATTRNAME>
								<ATTRTYPE type="java.lang.String">STRING</ATTRTYPE>
								<ATTRDESC type="java.lang.String">bObject.FCReport.bOperation.dsFCReportBrowseListMethodByParam.inParam.MethodName.description
								</ATTRDESC>
							</Item>
							<Item type="java.util.Map">
								<REQUIRED type="java.lang.Boolean">false</REQUIRED>
								<ATTRNAME type="java.lang.String">PAGE</ATTRNAME>
								<ATTRTYPE type="java.lang.String">INTEGER</ATTRTYPE>
								<ATTRDESC type="java.lang.String">bObject.FCReport.bOperation.dsFCReportBrowseListMethodByParam.inParam.PAGE.description
								</ATTRDESC>
							</Item>
							<Item type="java.util.Map">
								<REQUIRED type="java.lang.Boolean">false</REQUIRED>
								<ATTRNAME type="java.lang.String">ROWSCOUNT</ATTRNAME>
								<ATTRTYPE type="java.lang.String">INTEGER</ATTRTYPE>
								<ATTRDESC type="java.lang.String">bObject.FCReport.bOperation.dsFCReportBrowseListMethodByParam.inParam.ROWSCOUNT.description
								</ATTRDESC>
							</Item>
							<Item type="java.util.Map">
								<REQUIRED type="java.lang.Boolean">false</REQUIRED>
								<ATTRNAME type="java.lang.String">ORDERBY</ATTRNAME>
								<ATTRTYPE type="java.lang.String">STRING</ATTRTYPE>
								<ATTRDESC type="java.lang.String">bObject.FCReport.bOperation.dsFCReportBrowseListMethodByParam.inParam.ORDERBY.description
								</ATTRDESC>
							</Item>
							<Item type="java.util.Map">
								<REQUIRED type="java.lang.Boolean">true</REQUIRED>
								<ATTRNAME type="java.lang.String">TOTALCOUNT</ATTRNAME>
								<ATTRTYPE type="java.lang.String">INTEGER</ATTRTYPE>
								<ATTRDESC type="java.lang.String">bObject.FCReport.bOperation.dsFCReportBrowseListMethodByParam.inParam.TOTALCOUNT.description
								</ATTRDESC>
							</Item>
							<Item type="java.util.Map">
								<REQUIRED type="java.lang.Boolean">false</REQUIRED>
								<ATTRNAME type="java.lang.String">Result</ATTRNAME>
								<ATTRTYPE type="java.lang.String">LIST</ATTRTYPE>
								<ATTRDESC type="java.lang.String">bObject.FCReport.bOperation.dsFCReportBrowseListMethodByParam.inParam.Result.description
								</ATTRDESC>
								<ATTRCHILD type="java.util.List">
									<ListItems>
										<Item type="java.util.Map">
											<REQUIRED type="java.lang.Boolean">true</REQUIRED>
											<ATTRNAME type="java.lang.String">MethodID</ATTRNAME>
											<ATTRTYPE type="java.lang.String">LONG</ATTRTYPE>
											<ATTRDESC type="java.lang.String">bObject.FCReport.bOperation.dsFCReportBrowseListMethodByParam.inParam.Result.MethodID.description
											</ATTRDESC>
										</Item>
										<Item type="java.util.Map">
											<REQUIRED type="java.lang.Boolean">false</REQUIRED>
											<ATTRNAME type="java.lang.String">MethodName</ATTRNAME>
											<ATTRTYPE type="java.lang.String">STRING</ATTRTYPE>
											<ATTRDESC type="java.lang.String">bObject.FCReport.bOperation.dsFCReportBrowseListMethodByParam.inParam.Result.MethodName.description
											</ATTRDESC>
										</Item>
										<Item type="java.util.Map">
											<REQUIRED type="java.lang.Boolean">false</REQUIRED>
											<ATTRNAME type="java.lang.String">ServiceName</ATTRNAME>
											<ATTRTYPE type="java.lang.String">STRING</ATTRTYPE>
											<ATTRDESC type="java.lang.String">bObject.FCReport.bOperation.dsFCReportBrowseListMethodByParam.inParam.Result.ServiceName.description
											</ATTRDESC>
										</Item>
									</ListItems>
								</ATTRCHILD>
							</Item>
						</ListItems>
					</METHODPARAMSIN>
				</Item>
				<Item type="java.util.Map">
					<METHODNAME type="java.lang.String">dsFCReportBrowseListInstanceByParam
					</METHODNAME>
					<FINDER type="java.lang.Integer">0</FINDER>
					<METHODPARAMSOUT type="java.util.List" />
					<METHODDESC type="java.lang.String">bObject.FCReport.bOperation.dsFCReportBrowseListInstanceByParam.description
					</METHODDESC>
					<METHODPARAMSIN type="java.util.List">
						<ListItems>
							<Item type="java.util.Map">
								<REQUIRED type="java.lang.Boolean">false</REQUIRED>
								<ATTRNAME type="java.lang.String">FCReportID</ATTRNAME>
								<ATTRTYPE type="java.lang.String">LONG</ATTRTYPE>
								<ATTRDESC type="java.lang.String">bObject.FCReport.bOperation.dsFCReportBrowseListInstanceByParam.inParam.FCReportID.description
								</ATTRDESC>
							</Item>
							<Item type="java.util.Map">
								<REQUIRED type="java.lang.Boolean">false</REQUIRED>
								<ATTRNAME type="java.lang.String">FCReportName</ATTRNAME>
								<ATTRTYPE type="java.lang.String">STRING</ATTRTYPE>
								<ATTRDESC type="java.lang.String">bObject.FCReport.bOperation.dsFCReportBrowseListInstanceByParam.inParam.FCReportName.description
								</ATTRDESC>
							</Item>
							<Item type="java.util.Map">
								<REQUIRED type="java.lang.Boolean">false</REQUIRED>
								<ATTRNAME type="java.lang.String">FCReportSysName</ATTRNAME>
								<ATTRTYPE type="java.lang.String">STRING</ATTRTYPE>
								<ATTRDESC type="java.lang.String">bObject.FCReport.bOperation.dsFCReportBrowseListInstanceByParam.inParam.FCReportSysName.description
								</ATTRDESC>
							</Item>
							<Item type="java.util.Map">
								<REQUIRED type="java.lang.Boolean">false</REQUIRED>
								<ATTRNAME type="java.lang.String">UserLogin</ATTRNAME>
								<ATTRTYPE type="java.lang.String">STRING</ATTRTYPE>
								<ATTRDESC type="java.lang.String">bObject.FCReport.bOperation.dsFCReportBrowseListInstanceByParam.inParam.UserLogin.description
								</ATTRDESC>
							</Item>
							<Item type="java.util.Map">
								<REQUIRED type="java.lang.Boolean">false</REQUIRED>
								<ATTRNAME type="java.lang.String">StartDate</ATTRNAME>
								<ATTRTYPE type="java.lang.String">DATETIME</ATTRTYPE>
								<ATTRDESC type="java.lang.String">bObject.FCReport.bOperation.dsFCReportBrowseListInstanceByParam.inParam.StartDate.description
								</ATTRDESC>
							</Item>
							<Item type="java.util.Map">
								<REQUIRED type="java.lang.Boolean">false</REQUIRED>
								<ATTRNAME type="java.lang.String">ExecuteStatus</ATTRNAME>
								<ATTRTYPE type="java.lang.String">INTEGER</ATTRTYPE>
								<ATTRDESC type="java.lang.String">bObject.FCReport.bOperation.dsFCReportBrowseListInstanceByParam.inParam.ExecuteStatus.description
								</ATTRDESC>
							</Item>
							<Item type="java.util.Map">
								<REQUIRED type="java.lang.Boolean">false</REQUIRED>
								<ATTRNAME type="java.lang.String">ORDERBY</ATTRNAME>
								<ATTRTYPE type="java.lang.String">STRING</ATTRTYPE>
								<ATTRDESC type="java.lang.String">bObject.FCReport.bOperation.dsFCReportBrowseListInstanceByParam.inParam.ORDERBY.description
								</ATTRDESC>
							</Item>
							<Item type="java.util.Map">
								<REQUIRED type="java.lang.Boolean">false</REQUIRED>
								<ATTRNAME type="java.lang.String">PAGE</ATTRNAME>
								<ATTRTYPE type="java.lang.String">INTEGER</ATTRTYPE>
								<ATTRDESC type="java.lang.String">bObject.FCReport.bOperation.dsFCReportBrowseListInstanceByParam.inParam.PAGE.description
								</ATTRDESC>
							</Item>
							<Item type="java.util.Map">
								<REQUIRED type="java.lang.Boolean">false</REQUIRED>
								<ATTRNAME type="java.lang.String">ROWSCOUNT</ATTRNAME>
								<ATTRTYPE type="java.lang.String">INTEGER</ATTRTYPE>
								<ATTRDESC type="java.lang.String">bObject.FCReport.bOperation.dsFCReportBrowseListInstanceByParam.inParam.ROWSCOUNT.description
								</ATTRDESC>
							</Item>
							<Item type="java.util.Map">
								<REQUIRED type="java.lang.Boolean">true</REQUIRED>
								<ATTRNAME type="java.lang.String">TOTALCOUNT</ATTRNAME>
								<ATTRTYPE type="java.lang.String">INTEGER</ATTRTYPE>
								<ATTRDESC type="java.lang.String">bObject.FCReport.bOperation.dsFCReportBrowseListInstanceByParam.inParam.TOTALCOUNT.description
								</ATTRDESC>
							</Item>
							<Item type="java.util.Map">
								<REQUIRED type="java.lang.Boolean">false</REQUIRED>
								<ATTRNAME type="java.lang.String">Result</ATTRNAME>
								<ATTRTYPE type="java.lang.String">LIST</ATTRTYPE>
								<ATTRDESC type="java.lang.String">bObject.FCReport.bOperation.dsFCReportBrowseListInstanceByParam.inParam.Result.description
								</ATTRDESC>
								<ATTRCHILD type="java.util.List">
									<ListItems>
										<Item type="java.util.Map">
											<REQUIRED type="java.lang.Boolean">true</REQUIRED>
											<ATTRNAME type="java.lang.String">ProcessID</ATTRNAME>
											<ATTRTYPE type="java.lang.String">LONG</ATTRTYPE>
											<ATTRDESC type="java.lang.String">bObject.FCReport.bOperation.dsFCReportBrowseListInstanceByParam.inParam.Result.ProcessID.description
											</ATTRDESC>
										</Item>
										<Item type="java.util.Map">
											<REQUIRED type="java.lang.Boolean">false</REQUIRED>
											<ATTRNAME type="java.lang.String">FCReportID</ATTRNAME>
											<ATTRTYPE type="java.lang.String">LONG</ATTRTYPE>
											<ATTRDESC type="java.lang.String">bObject.FCReport.bOperation.dsFCReportBrowseListInstanceByParam.inParam.Result.FCReportID.description
											</ATTRDESC>
										</Item>
										<Item type="java.util.Map">
											<REQUIRED type="java.lang.Boolean">false</REQUIRED>
											<ATTRNAME type="java.lang.String">FCReportName</ATTRNAME>
											<ATTRTYPE type="java.lang.String">STRING</ATTRTYPE>
											<ATTRDESC type="java.lang.String">bObject.FCReport.bOperation.dsFCReportBrowseListInstanceByParam.inParam.Result.FCReportName.description
											</ATTRDESC>
										</Item>
										<Item type="java.util.Map">
											<REQUIRED type="java.lang.Boolean">false</REQUIRED>
											<ATTRNAME type="java.lang.String">FCReportSysName</ATTRNAME>
											<ATTRTYPE type="java.lang.String">STRING</ATTRTYPE>
											<ATTRDESC type="java.lang.String">bObject.FCReport.bOperation.dsFCReportBrowseListInstanceByParam.inParam.Result.FCReportSysName.description
											</ATTRDESC>
										</Item>
										<Item type="java.util.Map">
											<REQUIRED type="java.lang.Boolean">false</REQUIRED>
											<ATTRNAME type="java.lang.String">UserLogin</ATTRNAME>
											<ATTRTYPE type="java.lang.String">STRING</ATTRTYPE>
											<ATTRDESC type="java.lang.String">bObject.FCReport.bOperation.dsFCReportBrowseListInstanceByParam.inParam.Result.UserLogin.description
											</ATTRDESC>
										</Item>
										<Item type="java.util.Map">
											<REQUIRED type="java.lang.Boolean">false</REQUIRED>
											<ATTRNAME type="java.lang.String">StartDate</ATTRNAME>
											<ATTRTYPE type="java.lang.String">DATETIME</ATTRTYPE>
											<ATTRDESC type="java.lang.String">bObject.FCReport.bOperation.dsFCReportBrowseListInstanceByParam.inParam.Result.StartDate.description
											</ATTRDESC>
										</Item>
										<Item type="java.util.Map">
											<REQUIRED type="java.lang.Boolean">false</REQUIRED>
											<ATTRNAME type="java.lang.String">ExecuteStatus</ATTRNAME>
											<ATTRTYPE type="java.lang.String">INTEGER</ATTRTYPE>
											<ATTRDESC type="java.lang.String">bObject.FCReport.bOperation.dsFCReportBrowseListInstanceByParam.inParam.Result.ExecuteStatus.description
											</ATTRDESC>
										</Item>
									</ListItems>
								</ATTRCHILD>
							</Item>
						</ListItems>
					</METHODPARAMSIN>
				</Item>
				<Item type="java.util.Map">
					<METHODNAME type="java.lang.String">dsFCReportBrowseListProtocolByParam
					</METHODNAME>
					<FINDER type="java.lang.Integer">0</FINDER>
					<METHODPARAMSOUT type="java.util.List" />
					<METHODDESC type="java.lang.String">bObject.FCReport.bOperation.dsFCReportBrowseListProtocolByParam.description
					</METHODDESC>
					<METHODPARAMSIN type="java.util.List">
						<ListItems>
							<Item type="java.util.Map">
								<REQUIRED type="java.lang.Boolean">true</REQUIRED>
								<ATTRNAME type="java.lang.String">ProcessID</ATTRNAME>
								<ATTRTYPE type="java.lang.String">LONG</ATTRTYPE>
								<ATTRDESC type="java.lang.String">bObject.FCReport.bOperation.dsFCReportBrowseListProtocolByParam.inParam.ProcessID.description
								</ATTRDESC>
							</Item>
							<Item type="java.util.Map">
								<REQUIRED type="java.lang.Boolean">false</REQUIRED>
								<ATTRNAME type="java.lang.String">LastProtocolMessageID</ATTRNAME>
								<ATTRTYPE type="java.lang.String">LONG</ATTRTYPE>
								<ATTRDESC type="java.lang.String">bObject.FCReport.bOperation.dsFCReportBrowseListProtocolByParam.inParam.LastProtocolMessageID.description
								</ATTRDESC>
							</Item>
							<Item type="java.util.Map">
								<REQUIRED type="java.lang.Boolean">false</REQUIRED>
								<ATTRNAME type="java.lang.String">ProtocolMessageType</ATTRNAME>
								<ATTRTYPE type="java.lang.String">INTEGER</ATTRTYPE>
								<ATTRDESC type="java.lang.String">bObject.FCReport.bOperation.dsFCReportBrowseListProtocolByParam.inParam.ProtocolMessageType.description
								</ATTRDESC>
							</Item>
							<Item type="java.util.Map">
								<REQUIRED type="java.lang.Boolean">false</REQUIRED>
								<ATTRNAME type="java.lang.String">ORDERBY</ATTRNAME>
								<ATTRTYPE type="java.lang.String">STRING</ATTRTYPE>
								<ATTRDESC type="java.lang.String">bObject.FCReport.bOperation.dsFCReportBrowseListProtocolByParam.inParam.ORDERBY.description
								</ATTRDESC>
							</Item>
							<Item type="java.util.Map">
								<REQUIRED type="java.lang.Boolean">false</REQUIRED>
								<ATTRNAME type="java.lang.String">PAGE</ATTRNAME>
								<ATTRTYPE type="java.lang.String">INTEGER</ATTRTYPE>
								<ATTRDESC type="java.lang.String">bObject.FCReport.bOperation.dsFCReportBrowseListProtocolByParam.inParam.PAGE.description
								</ATTRDESC>
							</Item>
							<Item type="java.util.Map">
								<REQUIRED type="java.lang.Boolean">false</REQUIRED>
								<ATTRNAME type="java.lang.String">ROWSCOUNT</ATTRNAME>
								<ATTRTYPE type="java.lang.String">INTEGER</ATTRTYPE>
								<ATTRDESC type="java.lang.String">bObject.FCReport.bOperation.dsFCReportBrowseListProtocolByParam.inParam.ROWSCOUNT.description
								</ATTRDESC>
							</Item>
							<Item type="java.util.Map">
								<REQUIRED type="java.lang.Boolean">true</REQUIRED>
								<ATTRNAME type="java.lang.String">TOTALCOUNT</ATTRNAME>
								<ATTRTYPE type="java.lang.String">INTEGER</ATTRTYPE>
								<ATTRDESC type="java.lang.String">bObject.FCReport.bOperation.dsFCReportBrowseListProtocolByParam.inParam.TOTALCOUNT.description
								</ATTRDESC>
							</Item>
							<Item type="java.util.Map">
								<REQUIRED type="java.lang.Boolean">false</REQUIRED>
								<ATTRNAME type="java.lang.String">Result</ATTRNAME>
								<ATTRTYPE type="java.lang.String">LIST</ATTRTYPE>
								<ATTRDESC type="java.lang.String">bObject.FCReport.bOperation.dsFCReportBrowseListProtocolByParam.inParam.Result.description
								</ATTRDESC>
								<ATTRCHILD type="java.util.List">
									<ListItems>
										<Item type="java.util.Map">
											<REQUIRED type="java.lang.Boolean">false</REQUIRED>
											<ATTRNAME type="java.lang.String">ProtocolMessageText</ATTRNAME>
											<ATTRTYPE type="java.lang.String">STRING</ATTRTYPE>
											<ATTRDESC type="java.lang.String">bObject.FCReport.bOperation.dsFCReportBrowseListProtocolByParam.inParam.Result.ProtocolMessageText.description
											</ATTRDESC>
										</Item>
										<Item type="java.util.Map">
											<REQUIRED type="java.lang.Boolean">false</REQUIRED>
											<ATTRNAME type="java.lang.String">ProtocolMessageType</ATTRNAME>
											<ATTRTYPE type="java.lang.String">INTEGER</ATTRTYPE>
											<ATTRDESC type="java.lang.String">bObject.FCReport.bOperation.dsFCReportBrowseListProtocolByParam.inParam.Result.ProtocolMessageType.description
											</ATTRDESC>
										</Item>
										<Item type="java.util.Map">
											<REQUIRED type="java.lang.Boolean">true</REQUIRED>
											<ATTRNAME type="java.lang.String">ProtocolMessageID</ATTRNAME>
											<ATTRTYPE type="java.lang.String">LONG</ATTRTYPE>
											<ATTRDESC type="java.lang.String">bObject.FCReport.bOperation.dsFCReportBrowseListProtocolByParam.inParam.Result.ProtocolMessageID.description
											</ATTRDESC>
										</Item>
									</ListItems>
								</ATTRCHILD>
							</Item>
						</ListItems>
					</METHODPARAMSIN>
				</Item>
				<Item type="java.util.Map">
					<METHODNAME type="java.lang.String">dsFCReportMassInsertInputParametr
					</METHODNAME>
					<FINDER type="java.lang.Integer">0</FINDER>
					<METHODPARAMSOUT type="java.util.List" />
					<METHODDESC type="java.lang.String">bObject.FCReport.bOperation.dsFCReportMassInsertInputParametr.description
					</METHODDESC>
					<METHODPARAMSIN type="java.util.List">
						<ListItems>
							<Item type="java.util.Map">
								<REQUIRED type="java.lang.Boolean">true</REQUIRED>
								<ATTRNAME type="java.lang.String">InputParamtrList</ATTRNAME>
								<ATTRTYPE type="java.lang.String">LIST</ATTRTYPE>
								<ATTRDESC type="java.lang.String">bObject.FCReport.bOperation.dsFCReportMassInsertInputParametr.inParam.InputParamtrList.description
								</ATTRDESC>
								<ATTRCHILD type="java.util.List">
									<ListItems>
										<Item type="java.util.Map">
											<REQUIRED type="java.lang.Boolean">true</REQUIRED>
											<ATTRNAME type="java.lang.String">LinkID</ATTRNAME>
											<ATTRTYPE type="java.lang.String">LONG</ATTRTYPE>
											<ATTRDESC type="java.lang.String">bObject.FCReport.bOperation.dsFCReportMassInsertInputParametr.inParam.InputParamtrList.LinkID.description
											</ATTRDESC>
										</Item>
										<Item type="java.util.Map">
											<REQUIRED type="java.lang.Boolean">true</REQUIRED>
											<ATTRNAME type="java.lang.String">MethodID</ATTRNAME>
											<ATTRTYPE type="java.lang.String">LONG</ATTRTYPE>
											<ATTRDESC type="java.lang.String">bObject.FCReport.bOperation.dsFCReportMassInsertInputParametr.inParam.InputParamtrList.MethodID.description
											</ATTRDESC>
										</Item>
										<Item type="java.util.Map">
											<REQUIRED type="java.lang.Boolean">false</REQUIRED>
											<ATTRNAME type="java.lang.String">InputDatasetName</ATTRNAME>
											<ATTRTYPE type="java.lang.String">STRING</ATTRTYPE>
											<ATTRDESC type="java.lang.String">bObject.FCReport.bOperation.dsFCReportMassInsertInputParametr.inParam.InputParamtrList.InputDatasetName.description
											</ATTRDESC>
										</Item>
										<Item type="java.util.Map">
											<REQUIRED type="java.lang.Boolean">true</REQUIRED>
											<ATTRNAME type="java.lang.String">InputParametrSysName</ATTRNAME>
											<ATTRTYPE type="java.lang.String">STRING</ATTRTYPE>
											<ATTRDESC type="java.lang.String">bObject.FCReport.bOperation.dsFCReportMassInsertInputParametr.inParam.InputParamtrList.InputParametrSysName.description
											</ATTRDESC>
										</Item>
										<Item type="java.util.Map">
											<REQUIRED type="java.lang.Boolean">true</REQUIRED>
											<ATTRNAME type="java.lang.String">InputParametrValue</ATTRNAME>
											<ATTRTYPE type="java.lang.String">STRING</ATTRTYPE>
											<ATTRDESC type="java.lang.String">bObject.FCReport.bOperation.dsFCReportMassInsertInputParametr.inParam.InputParamtrList.InputParametrValue.description
											</ATTRDESC>
										</Item>
										<Item type="java.util.Map">
											<REQUIRED type="java.lang.Boolean">false</REQUIRED>
											<ATTRNAME type="java.lang.String">InputParametrName</ATTRNAME>
											<ATTRTYPE type="java.lang.String">STRING</ATTRTYPE>
											<ATTRDESC type="java.lang.String">bObject.FCReport.bOperation.dsFCReportMassInsertInputParametr.inParam.InputParamtrList.InputParametrName.description
											</ATTRDESC>
										</Item>
									</ListItems>
								</ATTRCHILD>
							</Item>
							<Item type="java.util.Map">
								<REQUIRED type="java.lang.Boolean">false</REQUIRED>
								<ATTRNAME type="java.lang.String">InputParametrIDList</ATTRNAME>
								<ATTRTYPE type="java.lang.String">LIST</ATTRTYPE>
								<ATTRDESC type="java.lang.String">bObject.FCReport.bOperation.dsFCReportMassInsertInputParametr.inParam.InputParametrIDList.description
								</ATTRDESC>
								<ATTRCHILD type="java.util.List">
									<ListItems>
										<Item type="java.util.Map">
											<REQUIRED type="java.lang.Boolean">true</REQUIRED>
											<ATTRNAME type="java.lang.String">LinkID</ATTRNAME>
											<ATTRTYPE type="java.lang.String">LONG</ATTRTYPE>
											<ATTRDESC type="java.lang.String">bObject.FCReport.bOperation.dsFCReportMassInsertInputParametr.inParam.InputParametrIDList.LinkID.description
											</ATTRDESC>
										</Item>
										<Item type="java.util.Map">
											<REQUIRED type="java.lang.Boolean">true</REQUIRED>
											<ATTRNAME type="java.lang.String">InputParametrID</ATTRNAME>
											<ATTRTYPE type="java.lang.String">LONG</ATTRTYPE>
											<ATTRDESC type="java.lang.String">bObject.FCReport.bOperation.dsFCReportMassInsertInputParametr.inParam.InputParametrIDList.InputParametrID.description
											</ATTRDESC>
										</Item>
									</ListItems>
								</ATTRCHILD>
							</Item>
							<Item type="java.util.Map">
								<REQUIRED type="java.lang.Boolean">false</REQUIRED>
								<ATTRNAME type="java.lang.String">NotificationList</ATTRNAME>
								<ATTRTYPE type="java.lang.String">LIST</ATTRTYPE>
								<ATTRDESC type="java.lang.String">bObject.FCReport.bOperation.dsFCReportMassInsertInputParametr.inParam.NotificationList.description
								</ATTRDESC>
								<ATTRCHILD type="java.util.List">
									<ListItems>
										<Item type="java.util.Map">
											<REQUIRED type="java.lang.Boolean">true</REQUIRED>
											<ATTRNAME type="java.lang.String">LinkID</ATTRNAME>
											<ATTRTYPE type="java.lang.String">LONG</ATTRTYPE>
											<ATTRDESC type="java.lang.String">bObject.FCReport.bOperation.dsFCReportMassInsertInputParametr.inParam.NotificationList.LinkID.description
											</ATTRDESC>
										</Item>
										<Item type="java.util.Map">
											<REQUIRED type="java.lang.Boolean">true</REQUIRED>
											<ATTRNAME type="java.lang.String">NTFID</ATTRNAME>
											<ATTRTYPE type="java.lang.String">LONG</ATTRTYPE>
											<ATTRDESC type="java.lang.String">bObject.FCReport.bOperation.dsFCReportMassInsertInputParametr.inParam.NotificationList.NTFID.description
											</ATTRDESC>
										</Item>
										<Item type="java.util.Map">
											<REQUIRED type="java.lang.Boolean">false</REQUIRED>
											<ATTRNAME type="java.lang.String">NTFMessage</ATTRNAME>
											<ATTRTYPE type="java.lang.String">STRING</ATTRTYPE>
											<ATTRDESC type="java.lang.String">bObject.FCReport.bOperation.dsFCReportMassInsertInputParametr.inParam.NotificationList.NTFMessage.description
											</ATTRDESC>
										</Item>
									</ListItems>
								</ATTRCHILD>
							</Item>
						</ListItems>
					</METHODPARAMSIN>
				</Item>
				<Item type="java.util.Map">
					<METHODNAME type="java.lang.String">dsFCReportUpdateInputParametr
					</METHODNAME>
					<FINDER type="java.lang.Integer">0</FINDER>
					<METHODPARAMSOUT type="java.util.List" />
					<METHODDESC type="java.lang.String">bObject.FCReport.bOperation.dsFCReportUpdateInputParametr.description
					</METHODDESC>
					<METHODPARAMSIN type="java.util.List">
						<ListItems>
							<Item type="java.util.Map">
								<REQUIRED type="java.lang.Boolean">true</REQUIRED>
								<ATTRNAME type="java.lang.String">InputParametrID</ATTRNAME>
								<ATTRTYPE type="java.lang.String">LONG</ATTRTYPE>
								<ATTRDESC type="java.lang.String">bObject.FCReport.bOperation.dsFCReportUpdateInputParametr.inParam.InputParametrID.description
								</ATTRDESC>
							</Item>
							<Item type="java.util.Map">
								<REQUIRED type="java.lang.Boolean">false</REQUIRED>
								<ATTRNAME type="java.lang.String">InputDatasetName</ATTRNAME>
								<ATTRTYPE type="java.lang.String">STRING</ATTRTYPE>
								<ATTRDESC type="java.lang.String">bObject.FCReport.bOperation.dsFCReportUpdateInputParametr.inParam.InputDatasetName.description
								</ATTRDESC>
							</Item>
							<Item type="java.util.Map">
								<REQUIRED type="java.lang.Boolean">false</REQUIRED>
								<ATTRNAME type="java.lang.String">InputParametrSysName</ATTRNAME>
								<ATTRTYPE type="java.lang.String">STRING</ATTRTYPE>
								<ATTRDESC type="java.lang.String">bObject.FCReport.bOperation.dsFCReportUpdateInputParametr.inParam.InputParametrSysName.description
								</ATTRDESC>
							</Item>
							<Item type="java.util.Map">
								<REQUIRED type="java.lang.Boolean">false</REQUIRED>
								<ATTRNAME type="java.lang.String">InputParametrValue</ATTRNAME>
								<ATTRTYPE type="java.lang.String">STRING</ATTRTYPE>
								<ATTRDESC type="java.lang.String">bObject.FCReport.bOperation.dsFCReportUpdateInputParametr.inParam.InputParametrValue.description
								</ATTRDESC>
							</Item>
							<Item type="java.util.Map">
								<REQUIRED type="java.lang.Boolean">false</REQUIRED>
								<ATTRNAME type="java.lang.String">InputParametrName</ATTRNAME>
								<ATTRTYPE type="java.lang.String">STRING</ATTRTYPE>
								<ATTRDESC type="java.lang.String">bObject.FCReport.bOperation.dsFCReportUpdateInputParametr.inParam.InputParametrName.description
								</ATTRDESC>
							</Item>
						</ListItems>
					</METHODPARAMSIN>
				</Item>
				<Item type="java.util.Map">
					<METHODNAME type="java.lang.String">dsFCReportDeleteInputParametr
					</METHODNAME>
					<FINDER type="java.lang.Integer">0</FINDER>
					<METHODPARAMSOUT type="java.util.List" />
					<METHODDESC type="java.lang.String">bObject.FCReport.bOperation.dsFCReportDeleteInputParametr.description
					</METHODDESC>
					<METHODPARAMSIN type="java.util.List">
						<ListItems>
							<Item type="java.util.Map">
								<REQUIRED type="java.lang.Boolean">true</REQUIRED>
								<ATTRNAME type="java.lang.String">InputParametrID</ATTRNAME>
								<ATTRTYPE type="java.lang.String">LONG</ATTRTYPE>
								<ATTRDESC type="java.lang.String">bObject.FCReport.bOperation.dsFCReportDeleteInputParametr.inParam.InputParametrID.description
								</ATTRDESC>
							</Item>
						</ListItems>
					</METHODPARAMSIN>
				</Item>
				<Item type="java.util.Map">
					<METHODNAME type="java.lang.String">dsFCReportBrowseListInputParametrByParam
					</METHODNAME>
					<FINDER type="java.lang.Integer">0</FINDER>
					<METHODPARAMSOUT type="java.util.List" />
					<METHODDESC type="java.lang.String">bObject.FCReport.bOperation.dsFCReportBrowseListInputParametrByParam.description
					</METHODDESC>
					<METHODPARAMSIN type="java.util.List">
						<ListItems>
							<Item type="java.util.Map">
								<REQUIRED type="java.lang.Boolean">false</REQUIRED>
								<ATTRNAME type="java.lang.String">InputParametrID</ATTRNAME>
								<ATTRTYPE type="java.lang.String">LONG</ATTRTYPE>
								<ATTRDESC type="java.lang.String">bObject.FCReport.bOperation.dsFCReportBrowseListInputParametrByParam.inParam.InputParametrID.description
								</ATTRDESC>
							</Item>
							<Item type="java.util.Map">
								<REQUIRED type="java.lang.Boolean">false</REQUIRED>
								<ATTRNAME type="java.lang.String">MethodID</ATTRNAME>
								<ATTRTYPE type="java.lang.String">LONG</ATTRTYPE>
								<ATTRDESC type="java.lang.String">bObject.FCReport.bOperation.dsFCReportBrowseListInputParametrByParam.inParam.MethodID.description
								</ATTRDESC>
							</Item>
							<Item type="java.util.Map">
								<REQUIRED type="java.lang.Boolean">false</REQUIRED>
								<ATTRNAME type="java.lang.String">FCReportID</ATTRNAME>
								<ATTRTYPE type="java.lang.String">LONG</ATTRTYPE>
								<ATTRDESC type="java.lang.String">bObject.FCReport.bOperation.dsFCReportBrowseListInputParametrByParam.inParam.FCReportID.description
								</ATTRDESC>
							</Item>
							<Item type="java.util.Map">
								<REQUIRED type="java.lang.Boolean">false</REQUIRED>
								<ATTRNAME type="java.lang.String">PAGE</ATTRNAME>
								<ATTRTYPE type="java.lang.String">INTEGER</ATTRTYPE>
								<ATTRDESC type="java.lang.String">bObject.FCReport.bOperation.dsFCReportBrowseListInputParametrByParam.inParam.PAGE.description
								</ATTRDESC>
							</Item>
							<Item type="java.util.Map">
								<REQUIRED type="java.lang.Boolean">false</REQUIRED>
								<ATTRNAME type="java.lang.String">ORDERBY</ATTRNAME>
								<ATTRTYPE type="java.lang.String">STRING</ATTRTYPE>
								<ATTRDESC type="java.lang.String">bObject.FCReport.bOperation.dsFCReportBrowseListInputParametrByParam.inParam.ORDERBY.description
								</ATTRDESC>
							</Item>
							<Item type="java.util.Map">
								<REQUIRED type="java.lang.Boolean">false</REQUIRED>
								<ATTRNAME type="java.lang.String">ROWSCOUNT</ATTRNAME>
								<ATTRTYPE type="java.lang.String">INTEGER</ATTRTYPE>
								<ATTRDESC type="java.lang.String">bObject.FCReport.bOperation.dsFCReportBrowseListInputParametrByParam.inParam.ROWSCOUNT.description
								</ATTRDESC>
							</Item>
							<Item type="java.util.Map">
								<REQUIRED type="java.lang.Boolean">true</REQUIRED>
								<ATTRNAME type="java.lang.String">TOTALCOUNT</ATTRNAME>
								<ATTRTYPE type="java.lang.String">INTEGER</ATTRTYPE>
								<ATTRDESC type="java.lang.String">bObject.FCReport.bOperation.dsFCReportBrowseListInputParametrByParam.inParam.TOTALCOUNT.description
								</ATTRDESC>
							</Item>
							<Item type="java.util.Map">
								<REQUIRED type="java.lang.Boolean">false</REQUIRED>
								<ATTRNAME type="java.lang.String">Result</ATTRNAME>
								<ATTRTYPE type="java.lang.String">LIST</ATTRTYPE>
								<ATTRDESC type="java.lang.String">bObject.FCReport.bOperation.dsFCReportBrowseListInputParametrByParam.inParam.Result.description
								</ATTRDESC>
								<ATTRCHILD type="java.util.List">
									<ListItems>
										<Item type="java.util.Map">
											<REQUIRED type="java.lang.Boolean">true</REQUIRED>
											<ATTRNAME type="java.lang.String">InputParametrID</ATTRNAME>
											<ATTRTYPE type="java.lang.String">LONG</ATTRTYPE>
											<ATTRDESC type="java.lang.String">bObject.FCReport.bOperation.dsFCReportBrowseListInputParametrByParam.inParam.Result.InputParametrID.description
											</ATTRDESC>
										</Item>
										<Item type="java.util.Map">
											<REQUIRED type="java.lang.Boolean">false</REQUIRED>
											<ATTRNAME type="java.lang.String">InputDatasetName</ATTRNAME>
											<ATTRTYPE type="java.lang.String">STRING</ATTRTYPE>
											<ATTRDESC type="java.lang.String">bObject.FCReport.bOperation.dsFCReportBrowseListInputParametrByParam.inParam.Result.InputDatasetName.description
											</ATTRDESC>
										</Item>
										<Item type="java.util.Map">
											<REQUIRED type="java.lang.Boolean">false</REQUIRED>
											<ATTRNAME type="java.lang.String">InputParametrSysName</ATTRNAME>
											<ATTRTYPE type="java.lang.String">STRING</ATTRTYPE>
											<ATTRDESC type="java.lang.String">bObject.FCReport.bOperation.dsFCReportBrowseListInputParametrByParam.inParam.Result.InputParametrSysName.description
											</ATTRDESC>
										</Item>
										<Item type="java.util.Map">
											<REQUIRED type="java.lang.Boolean">false</REQUIRED>
											<ATTRNAME type="java.lang.String">InputParametrValue</ATTRNAME>
											<ATTRTYPE type="java.lang.String">STRING</ATTRTYPE>
											<ATTRDESC type="java.lang.String">bObject.FCReport.bOperation.dsFCReportBrowseListInputParametrByParam.inParam.Result.InputParametrValue.description
											</ATTRDESC>
										</Item>
										<Item type="java.util.Map">
											<REQUIRED type="java.lang.Boolean">false</REQUIRED>
											<ATTRNAME type="java.lang.String">InputParametrName</ATTRNAME>
											<ATTRTYPE type="java.lang.String">STRING</ATTRTYPE>
											<ATTRDESC type="java.lang.String">bObject.FCReport.bOperation.dsFCReportBrowseListInputParametrByParam.inParam.Result.InputParametrName.description
											</ATTRDESC>
										</Item>
										<Item type="java.util.Map">
											<REQUIRED type="java.lang.Boolean">false</REQUIRED>
											<ATTRNAME type="java.lang.String">FCReportID</ATTRNAME>
											<ATTRTYPE type="java.lang.String">LONG</ATTRTYPE>
											<ATTRDESC type="java.lang.String">bObject.FCReport.bOperation.dsFCReportBrowseListInputParametrByParam.inParam.Result.FCReportID.description
											</ATTRDESC>
										</Item>
										<Item type="java.util.Map">
											<REQUIRED type="java.lang.Boolean">false</REQUIRED>
											<ATTRNAME type="java.lang.String">MethodID</ATTRNAME>
											<ATTRTYPE type="java.lang.String">LONG</ATTRTYPE>
											<ATTRDESC type="java.lang.String">bObject.FCReport.bOperation.dsFCReportBrowseListInputParametrByParam.inParam.Result.MethodID.description
											</ATTRDESC>
										</Item>
									</ListItems>
								</ATTRCHILD>
							</Item>
						</ListItems>
					</METHODPARAMSIN>
				</Item>
			</ListItems>
		</SERVICEMETHODS>
		<BMODULE type="java.util.Map">
			<MODULEDESC type="java.lang.String">module.description</MODULEDESC>
			<MODULENAME type="java.lang.String">FLEXTERA Financial Core. Reporting Engine
			</MODULENAME>
		</BMODULE>
		<SERVICE type="java.util.Map">
			<SVCDESC type="java.lang.String">service.description</SVCDESC>
			<SVCALIAS type="java.lang.String">FLEXTERA Financial Core. Reporting Engine
			</SVCALIAS>
		</SERVICE>
		<BOBJECTS type="java.util.List">
			<ListItems>
				<Item type="java.util.Map">
					<SUPPORTSCLS type="java.lang.Boolean">false</SUPPORTSCLS>
					<OBJDESC type="java.lang.String">bObject.FCReport.description</OBJDESC>
					<OBJNAME type="java.lang.String">bObject.FCReport.name</OBJNAME>
					<OBJSYSNAME type="java.lang.String">FCReport</OBJSYSNAME>
					<OBJOPERATIONS type="java.util.List">
						<ListItems>
							<Item type="java.util.Map">
								<OPERSMETHOD type="java.lang.String">dsFCReportProcessExecuteBuilding
								</OPERSMETHOD>
								<OPERNAME type="java.lang.String">bObject.FCReport.bOperation.dsFCReportProcessExecuteBuilding.name
								</OPERNAME>
								<OPERDESC type="java.lang.String">bObject.FCReport.bOperation.dsFCReportProcessExecuteBuilding.description
								</OPERDESC>
							</Item>
							<Item type="java.util.Map">
								<OPERSMETHOD type="java.lang.String">dsFCReportMassInsert</OPERSMETHOD>
								<OPERNAME type="java.lang.String">bObject.FCReport.bOperation.dsFCReportMassInsert.name
								</OPERNAME>
								<OPERDESC type="java.lang.String">bObject.FCReport.bOperation.dsFCReportMassInsert.description
								</OPERDESC>
							</Item>
							<Item type="java.util.Map">
								<OPERSMETHOD type="java.lang.String">dsFCReportDelete</OPERSMETHOD>
								<OPERNAME type="java.lang.String">bObject.FCReport.bOperation.dsFCReportDelete.name
								</OPERNAME>
								<OPERDESC type="java.lang.String">bObject.FCReport.bOperation.dsFCReportDelete.description
								</OPERDESC>
							</Item>
							<Item type="java.util.Map">
								<OPERSMETHOD type="java.lang.String">dsFCReportUpdate</OPERSMETHOD>
								<OPERNAME type="java.lang.String">bObject.FCReport.bOperation.dsFCReportUpdate.name
								</OPERNAME>
								<OPERDESC type="java.lang.String">bObject.FCReport.bOperation.dsFCReportUpdate.description
								</OPERDESC>
							</Item>
							<Item type="java.util.Map">
								<OPERSMETHOD type="java.lang.String">dsFCReportBrowseListByParam
								</OPERSMETHOD>
								<OPERNAME type="java.lang.String">bObject.FCReport.bOperation.dsFCReportBrowseListByParam.name
								</OPERNAME>
								<OPERDESC type="java.lang.String">bObject.FCReport.bOperation.dsFCReportBrowseListByParam.description
								</OPERDESC>
							</Item>
							<Item type="java.util.Map">
								<OPERSMETHOD type="java.lang.String">dsFCReportFindByID</OPERSMETHOD>
								<OPERNAME type="java.lang.String">bObject.FCReport.bOperation.dsFCReportFindByID.name
								</OPERNAME>
								<OPERDESC type="java.lang.String">bObject.FCReport.bOperation.dsFCReportFindByID.description
								</OPERDESC>
							</Item>
							<Item type="java.util.Map">
								<OPERSMETHOD type="java.lang.String">dsFCReportMassInsertMethod
								</OPERSMETHOD>
								<OPERNAME type="java.lang.String">bObject.FCReport.bOperation.dsFCReportMassInsertMethod.name
								</OPERNAME>
								<OPERDESC type="java.lang.String">bObject.FCReport.bOperation.dsFCReportMassInsertMethod.description
								</OPERDESC>
							</Item>
							<Item type="java.util.Map">
								<OPERSMETHOD type="java.lang.String">dsFCReportDeleteMethod
								</OPERSMETHOD>
								<OPERNAME type="java.lang.String">bObject.FCReport.bOperation.dsFCReportDeleteMethod.name
								</OPERNAME>
								<OPERDESC type="java.lang.String">bObject.FCReport.bOperation.dsFCReportDeleteMethod.description
								</OPERDESC>
							</Item>
							<Item type="java.util.Map">
								<OPERSMETHOD type="java.lang.String">dsFCReportUpdateMethod
								</OPERSMETHOD>
								<OPERNAME type="java.lang.String">bObject.FCReport.bOperation.dsFCReportUpdateMethod.name
								</OPERNAME>
								<OPERDESC type="java.lang.String">bObject.FCReport.bOperation.dsFCReportUpdateMethod.description
								</OPERDESC>
							</Item>
							<Item type="java.util.Map">
								<OPERSMETHOD type="java.lang.String">dsFCReportFindMethodByID
								</OPERSMETHOD>
								<OPERNAME type="java.lang.String">bObject.FCReport.bOperation.dsFCReportFindMethodByID.name
								</OPERNAME>
								<OPERDESC type="java.lang.String">bObject.FCReport.bOperation.dsFCReportFindMethodByID.description
								</OPERDESC>
							</Item>
							<Item type="java.util.Map">
								<OPERSMETHOD type="java.lang.String">dsFCReportBrowseListMethodByParam
								</OPERSMETHOD>
								<OPERNAME type="java.lang.String">bObject.FCReport.bOperation.dsFCReportBrowseListMethodByParam.name
								</OPERNAME>
								<OPERDESC type="java.lang.String">bObject.FCReport.bOperation.dsFCReportBrowseListMethodByParam.description
								</OPERDESC>
							</Item>
							<Item type="java.util.Map">
								<OPERSMETHOD type="java.lang.String">dsFCReportBrowseListInstanceByParam
								</OPERSMETHOD>
								<OPERNAME type="java.lang.String">bObject.FCReport.bOperation.dsFCReportBrowseListInstanceByParam.name
								</OPERNAME>
								<OPERDESC type="java.lang.String">bObject.FCReport.bOperation.dsFCReportBrowseListInstanceByParam.description
								</OPERDESC>
							</Item>
							<Item type="java.util.Map">
								<OPERSMETHOD type="java.lang.String">dsFCReportBrowseListProtocolByParam
								</OPERSMETHOD>
								<OPERNAME type="java.lang.String">bObject.FCReport.bOperation.dsFCReportBrowseListProtocolByParam.name
								</OPERNAME>
								<OPERDESC type="java.lang.String">bObject.FCReport.bOperation.dsFCReportBrowseListProtocolByParam.description
								</OPERDESC>
							</Item>
							<Item type="java.util.Map">
								<OPERSMETHOD type="java.lang.String">dsFCReportMassInsertInputParametr
								</OPERSMETHOD>
								<OPERNAME type="java.lang.String">bObject.FCReport.bOperation.dsFCReportMassInsertInputParametr.name
								</OPERNAME>
								<OPERDESC type="java.lang.String">bObject.FCReport.bOperation.dsFCReportMassInsertInputParametr.description
								</OPERDESC>
							</Item>
							<Item type="java.util.Map">
								<OPERSMETHOD type="java.lang.String">dsFCReportUpdateInputParametr
								</OPERSMETHOD>
								<OPERNAME type="java.lang.String">bObject.FCReport.bOperation.dsFCReportUpdateInputParametr.name
								</OPERNAME>
								<OPERDESC type="java.lang.String">bObject.FCReport.bOperation.dsFCReportUpdateInputParametr.description
								</OPERDESC>
							</Item>
							<Item type="java.util.Map">
								<OPERSMETHOD type="java.lang.String">dsFCReportDeleteInputParametr
								</OPERSMETHOD>
								<OPERNAME type="java.lang.String">bObject.FCReport.bOperation.dsFCReportDeleteInputParametr.name
								</OPERNAME>
								<OPERDESC type="java.lang.String">bObject.FCReport.bOperation.dsFCReportDeleteInputParametr.description
								</OPERDESC>
							</Item>
							<Item type="java.util.Map">
								<OPERSMETHOD type="java.lang.String">dsFCReportBrowseListInputParametrByParam
								</OPERSMETHOD>
								<OPERNAME type="java.lang.String">bObject.FCReport.bOperation.dsFCReportBrowseListInputParametrByParam.name
								</OPERNAME>
								<OPERDESC type="java.lang.String">bObject.FCReport.bOperation.dsFCReportBrowseListInputParametrByParam.description
								</OPERDESC>
							</Item>
						</ListItems>
					</OBJOPERATIONS>
					<SUPPORTSSTM type="java.lang.Boolean">false</SUPPORTSSTM>
					<SUPPORTSVER type="java.lang.Boolean">false</SUPPORTSVER>
					<SUPPORTSADAT type="java.lang.Boolean">false</SUPPORTSADAT>
					<OBJNAMELAT type="java.lang.String">FCReport</OBJNAMELAT>
				</Item>
				<Item type="java.util.Map">
					<SUPPORTSCLS type="java.lang.Boolean">false</SUPPORTSCLS>
					<OBJDESC type="java.lang.String">bObject.events.description</OBJDESC>
					<OBJNAME type="java.lang.String">bObject.events.name</OBJNAME>
					<OBJSYSNAME type="java.lang.String">events</OBJSYSNAME>
					<OBJOPERATIONS type="java.util.List" />
					<SUPPORTSSTM type="java.lang.Boolean">false</SUPPORTSSTM>
					<SUPPORTSVER type="java.lang.Boolean">false</SUPPORTSVER>
					<SUPPORTSADAT type="java.lang.Boolean">false</SUPPORTSADAT>
					<OBJNAMELAT type="java.lang.String">events</OBJNAMELAT>
				</Item>
				<Item type="java.util.Map">
					<SUPPORTSCLS type="java.lang.Boolean">false</SUPPORTSCLS>
					<OBJDESC type="java.lang.String">bObject.subscriptions.description</OBJDESC>
					<OBJNAME type="java.lang.String">bObject.subscriptions.name</OBJNAME>
					<OBJSYSNAME type="java.lang.String">subscriptions</OBJSYSNAME>
					<OBJOPERATIONS type="java.util.List" />
					<SUPPORTSSTM type="java.lang.Boolean">false</SUPPORTSSTM>
					<SUPPORTSVER type="java.lang.Boolean">false</SUPPORTSVER>
					<SUPPORTSADAT type="java.lang.Boolean">false</SUPPORTSADAT>
					<OBJNAMELAT type="java.lang.String">subscriptions</OBJNAMELAT>
				</Item>
			</ListItems>
		</BOBJECTS>
	</PACKAGEDESCRIPTION>
	<PACKAGERIGHTS type="java.util.List" />
	<EXTINTEGRATION type="java.lang.String">1</EXTINTEGRATION>
	<PACKAGEMONITOR type="java.lang.String">0</PACKAGEMONITOR>
	<PACKAGESYSNAME type="java.lang.String">FLEXTERA Financial Core. Reporting
		Engine</PACKAGESYSNAME>
	<PACKAGEEXTENSIBLEOBJECTS type="java.util.List" />
	<PACKAGEGROUPS type="java.util.List" />
	<PACKAGENAME type="java.lang.String">module.name</PACKAGENAME>
	<PACKAGESTATUS type="java.lang.String">1</PACKAGESTATUS>
	<PACKAGEVERSION type="java.lang.String">1.01.03</PACKAGEVERSION>
</BODY>

