<?xml version="1.0" encoding="UTF-8"?>
<assembly>
	<id>ru</id>
	<formats>
		<format>zip</format>
	</formats>
	<fileSets>
		<fileSet>
			<outputDirectory></outputDirectory>
			<directory>target/ru</directory>
			<excludes>
				<exclude>**/*.hhp</exclude>
				<exclude>**/*.chm</exclude>
				<exclude>**/*.hhc</exclude>
			</excludes>
		</fileSet>
		<fileSet>
			<outputDirectory>html</outputDirectory>
			<directory>resources</directory>
			<excludes>
				<exclude>**/*.hhp</exclude>
				<exclude>**/*.chm</exclude>
				<exclude>**/*.hhc</exclude>
			</excludes>
		</fileSet>
		<fileSet>
			<outputDirectory>html_single</outputDirectory>
			<directory>resources</directory>
			<excludes>
				<exclude>**/*.hhp</exclude>
				<exclude>**/*.chm</exclude>
				<exclude>**/*.hhc</exclude>
			</excludes>
		</fileSet>	</fileSets>
</assembly>