<?xml version="1.0" encoding="UTF-8"?>
<root>
	<!--параметры соединения с БД-->
	<jdbcDriver>oracle.jdbc.driver.OracleDriver</jdbcDriver>
	<dataSourceUrl>jdbc:oracle:thin:@host:port:sid</dataSourceUrl>
	<minCon>1</minCon>
	<maxCon>200</maxCon>
	<userName>EXAMPLE</userName>
	<password>EXAMPLE</password>
	
	<project>FTFCREPORT</project> <!--название проекта-->
	
	<corews>http://host:port/corews/corews</corews> <!--алиас на сервис corews-->
	<adminws>http://host:port/adminws/adminws</adminws> <!--алиас на сервис adminws-->
	<refws>http://host:port/refws/refws</refws> <!--алиас на сервис refws-->	
	<service>http://host:port</service> <!--алиас сервисов-->
	<threadPool>10</threadPool> <!--максимальное кол-во потоков-->
	
	<ESB> <!--ссылка на шину и параметры авторизации-->
		<url>http://host:port/registryws/registryws</url> 
		<login>REG_ADMIN</login>
		<password>12345678</password>
	</ESB>
	
	<!-- Количество записей на одну итерацию для browse-like методов -->
	<rowsCount>10</rowsCount>
	<pathToReportConfig>/opt/diasoft/data/FCReportConfigs</pathToReportConfig>
</root>
