<?xml version="1.0" encoding="UTF-8"?>
<root>
	<jdbcDriver>
		<!-- specify JDBC driver to use: one of -->
		<!-- net.sourceforge.jtds.jdbc.Driver -->		
		<!-- oracle.jdbc.driver.OracleDriver -->
	</jdbcDriver>
	<dataSourceUrl>
		<!-- specify url for accessing database: one of -->
		<!-- jdbc:jtds:sqlserver://<hostname>[:<1433>]/<dbname>[;<property>=<value>[;...]] -->
		<!-- jdbc:oracle:thin:@<server>[:<1521>]:<database_name> -->
	</dataSourceUrl>
	<minCon>1</minCon>
	<maxCon>200</maxCon>
	<userName><!-- username to access database --></userName>
	<password><!-- password to access database --></password>
</root>
