<data-map project-version="2.0">
    <query name="protocolCreate" factory="org.apache.cayenne.map.SQLTemplateBuilder" root="data-map"
            root-name="WSDomainMap">
        <property name="cayenne.GenericSelectQuery.fetchingDataRows" value="true"/>
        <sql><![CDATA[
INSERT INTO FCR_Protocol (
	ProtocolID,  
	ReportHistoryID,  
	Message,  
	MessageType
) VALUES (
	#bind($ProtocolMessageID 'NUMERIC'),  
	#bind($InstanceID 'NUMERIC'),  
	#bind($ProtocolMessageText 'CLOB'),  
	#bind($ProtocolMessageType 'INTEGER')
)
        ]]></sql>
    </query>
    <query name="protocolModify" factory="org.apache.cayenne.map.SQLTemplateBuilder" root="data-map"
           root-name="WSDomainMap">
        <property name="cayenne.GenericSelectQuery.fetchingDataRows" value="true"/>
        <sql><![CDATA[
UPDATE FCR_Protocol
   SET ReportHistoryID = #bind($InstanceID 'NUMERIC')   
       #chunk($ProtocolMessageText) , Message     = #bind($ProtocolMessageText 'CLOB') #end
       #chunk($ProtocolMessageType) , MessageType = #bind($ProtocolMessageType 'INTEGER') #end
 WHERE ReportHistoryID = #bind($InstanceID 'NUMERIC')
        ]]></sql>
    </query>
    <query name="protocolGetById" factory="org.apache.cayenne.map.SQLTemplateBuilder" root="data-map"
            root-name="WSDomainMap">
        <property name="cayenne.GenericSelectQuery.fetchingDataRows" value="true" />
        <sql><![CDATA[
SELECT *
FROM FCR_Protocol
WHERE ProtocolID = #bind($ProtocolID 'NUMERIC')
        ]]></sql>
    </query>
    <query name="protocolGetByInstanceId" factory="org.apache.cayenne.map.SQLTemplateBuilder" root="data-map"
            root-name="WSDomainMap">
        <property name="cayenne.GenericSelectQuery.fetchingDataRows" value="true" />
        <sql><![CDATA[
SELECT 
	#result('p.MESSAGE'    , 'java.lang.String' , 'ProtocolMessageText')
  FROM FCR_Protocol p
 WHERE p.ReportHistoryID = #bind($InstanceID 'NUMERIC')
        ]]></sql>
    </query>    
    <query name="protocolDelete" factory="org.apache.cayenne.map.SQLTemplateBuilder" root="data-map"
            root-name="WSDomainMap">
        <property name="cayenne.GenericSelectQuery.fetchingDataRows" value="true" />
        <sql><![CDATA[
DELETE FROM FCR_Protocol WHERE ProtocolID = #bind($ProtocolID 'NUMERIC')
        ]]></sql>
    </query>
    <query name="protocolGetListByParams" factory="org.apache.cayenne.map.SQLTemplateBuilder" root="data-map"
            root-name="WSDomainMap">
        <property name="cayenne.GenericSelectQuery.fetchingDataRows" value="true" />
        <sql><![CDATA[
SELECT 
	#result('p.PROTOCOLID' , 'java.lang.Long'   , 'ProtocolMessageID')  ,
	#result('p.MESSAGE'    , 'java.lang.String' , 'ProtocolMessageText'),	
	#result('p.MESSAGETYPE', 'java.lang.Integer', 'ProtocolMessageType')
FROM FCR_Protocol p
INNER JOIN FCR_ReportHistory h
        ON h.ReportHistoryID = p.ReportHistoryID
#chain('AND' 'WHERE')
	#chunk($ProtocolMessageID) p.ProtocolID = #bind($ProtocolMessageID 'NUMERIC') #end
    #chunk($ProtocolMessageType) p.MessageType = #bind($ProtocolMessageType 'INTEGER') #end	
    #chunk($ProcessID) h.ProcessID = #bind($ProcessID 'NUMERIC') #end
    #chunk($TEXT_FILTER_RESULT) $TEXT_FILTER_RESULT #end
#end
#chunk($ORDERBY) ORDER BY $ORDERBY #end
        ]]></sql>
    </query>
    <query name="protocolGetListByParamsCount" factory="org.apache.cayenne.map.SQLTemplateBuilder" root="data-map"
            root-name="WSDomainMap">
        <property name="cayenne.GenericSelectQuery.fetchingDataRows" value="true" />
        <sql><![CDATA[
SELECT COUNT(ProtocolID)
FROM FCR_Protocol p
INNER JOIN FCR_ReportHistory h
        ON h.ReportHistoryID = p.ReportHistoryID
#chain('AND' 'WHERE')
	#chunk($ProtocolMessageID) p.ProtocolID = #bind($ProtocolMessageID 'NUMERIC') #end
    #chunk($ProtocolMessageType) p.MessageType = #bind($ProtocolMessageType 'INTEGER') #end	
    #chunk($ProcessID) h.ProcessID = #bind($ProcessID 'NUMERIC') #end
    #chunk($TEXT_FILTER_RESULT) $TEXT_FILTER_RESULT #end
#end
        ]]></sql>
    </query>
    <query name="protocolGetListByContext" factory="org.apache.cayenne.map.SQLTemplateBuilder" root="data-map"
            root-name="WSDomainMap">
        <property name="cayenne.GenericSelectQuery.fetchingDataRows" value="true" />
        <sql><![CDATA[
SELECT *
FROM FCR_Protocol
#chain('AND' 'WHERE')
    #chunk($TEXT_FILTER_RESULT) $TEXT_FILTER_RESULT #end
#end
#chunk($ORDERBY) ORDER BY $ORDERBY #end
        ]]></sql>
    </query>
    <query name="protocolGetListByContextCount" factory="org.apache.cayenne.map.SQLTemplateBuilder" root="data-map"
            root-name="WSDomainMap">
        <property name="cayenne.GenericSelectQuery.fetchingDataRows" value="true" />
        <sql><![CDATA[
SELECT COUNT(*)
FROM FCR_Protocol
#chain('AND' 'WHERE')
    #chunk($TEXT_FILTER_RESULT) $TEXT_FILTER_RESULT #end
#end
        ]]></sql>
    </query>
    <query name="protocolMassModify" factory="org.apache.cayenne.map.SQLTemplateBuilder"
        root="data-map" root-name="WSDomainMap">
        <property name="cayenne.GenericSelectQuery.fetchingDataRows" value="true"/>
        <sql><![CDATA[
#chunk($BATCH) 	
	#chunk($DRIVER_MSSQL) SET ROWCOUNT $BATCH #end
	#chunk($DRIVER_SYBASE) SET ROWCOUNT $BATCH #end
#end			
UPDATE FCR_Protocol
#chain(',' 'SET')
	#chunk($MODIFY_ProtocolID) ProtocolID = #bind($MODIFY_ProtocolID 'NUMERIC') #end	
	#chunk($MODIFY_ReportHistoryID) ReportHistoryID = #bind($MODIFY_ReportHistoryID 'NUMERIC') #end	
	#chunk($MODIFY_Message) Message = #bind($MODIFY_Message 'CLOB') #end	
	#chunk($MODIFY_MessageType) MessageType = #bind($MODIFY_MessageType 'INTEGER') #end	
#end
#chain('AND' 'WHERE')
	#chunk($SEARCH_ProtocolID) ProtocolID = #bind($SEARCH_ProtocolID 'NUMERIC') #end	
	#chunk($SEARCH_NOT_ProtocolID) (ProtocolID != #bind($SEARCH_NOT_ProtocolID 'NUMERIC') OR ProtocolID IS NULL) #end	
	#chunk($SEARCH_ReportHistoryID) ReportHistoryID = #bind($SEARCH_ReportHistoryID 'NUMERIC') #end	
	#chunk($SEARCH_NOT_ReportHistoryID) (ReportHistoryID != #bind($SEARCH_NOT_ReportHistoryID 'NUMERIC') OR ReportHistoryID IS NULL) #end	
	#chunk($SEARCH_Message) Message = #bind($SEARCH_Message 'CLOB') #end	
	#chunk($SEARCH_NOT_Message) (Message != #bind($SEARCH_NOT_Message 'CLOB') OR Message IS NULL) #end	
	#chunk($SEARCH_MessageType) MessageType = #bind($SEARCH_MessageType 'INTEGER') #end	
	#chunk($SEARCH_NOT_MessageType) (MessageType != #bind($SEARCH_NOT_MessageType 'INTEGER') OR MessageType IS NULL) #end	
#end 
#chunk($BATCH) 	
	#chunk($DRIVER_ORACLE) AND ROWNUM <= $BATCH #end
	#chunk($DRIVER_MSSQL) SET ROWCOUNT 0 #end
	#chunk($DRIVER_SYBASE) SET ROWCOUNT 0 #end
#end 
]]></sql>
	<sql adapter-class="org.apache.cayenne.dba.db2.DB2Adapter"><![CDATA[
UPDATE (
SELECT 
ROWNUMBER() OVER(ORDER BY ProtocolID) RN, 
TBL.* 
FROM FCR_Protocol TBL
#chain('AND' 'WHERE')
	#chunk($SEARCH_ProtocolID) ProtocolID = #bind($SEARCH_ProtocolID 'NUMERIC') #end	
	#chunk($SEARCH_NOT_ProtocolID) (ProtocolID != #bind($SEARCH_NOT_ProtocolID 'NUMERIC') OR ProtocolID IS NULL) #end	
	#chunk($SEARCH_ReportHistoryID) ReportHistoryID = #bind($SEARCH_ReportHistoryID 'NUMERIC') #end	
	#chunk($SEARCH_NOT_ReportHistoryID) (ReportHistoryID != #bind($SEARCH_NOT_ReportHistoryID 'NUMERIC') OR ReportHistoryID IS NULL) #end	
	#chunk($SEARCH_Message) Message = #bind($SEARCH_Message 'CLOB') #end	
	#chunk($SEARCH_NOT_Message) (Message != #bind($SEARCH_NOT_Message 'CLOB') OR Message IS NULL) #end	
	#chunk($SEARCH_MessageType) MessageType = #bind($SEARCH_MessageType 'INTEGER') #end	
	#chunk($SEARCH_NOT_MessageType) (MessageType != #bind($SEARCH_NOT_MessageType 'INTEGER') OR MessageType IS NULL) #end	
#end 
) 
#chain(',' 'SET')
	#chunk($MODIFY_ProtocolID) ProtocolID = #bind($MODIFY_ProtocolID 'NUMERIC') #end	
	#chunk($MODIFY_ReportHistoryID) ReportHistoryID = #bind($MODIFY_ReportHistoryID 'NUMERIC') #end	
	#chunk($MODIFY_Message) Message = #bind($MODIFY_Message 'CLOB') #end	
	#chunk($MODIFY_MessageType) MessageType = #bind($MODIFY_MessageType 'INTEGER') #end	
#end 
#chunk($BATCH) 	
	#chunk($DRIVER_DB2) WHERE RN <= $BATCH #end
#end 
]]></sql>
    </query>
</data-map>   