<data-map project-version="2.0">
    <query name="reportHistoryCreate" factory="org.apache.cayenne.map.SQLTemplateBuilder" root="data-map"
            root-name="WSDomainMap">
        <property name="cayenne.GenericSelectQuery.fetchingDataRows" value="true"/>
        <sql><![CDATA[
INSERT INTO FCR_ReportHistory (
	ReportHistoryID,  
	ReportID,  
	ProcessID,  
	UserLogin,  
	StartDate,  
	EndDate,  
	ExecuteStatus,  
	ReportFilePath
) VALUES (
	#bind($InstanceID 'NUMERIC'),  
	#bind($FCReportID 'NUMERIC'),  
	#bind($ProcessID 'NUMERIC'),  
	#bind($UserLogin 'VARCHAR'),  
	#bind($StartDate 'BIGINT'),  
	#bind($EndDate 'BIGINT'),  
	#bind($ExecuteStatus 'INTEGER'),  
	#bind($FCReportFileName 'VARCHAR')
)
        ]]></sql>
    </query>
    <query name="reportHistoryModify" factory="org.apache.cayenne.map.SQLTemplateBuilder" root="data-map"
           root-name="WSDomainMap">
        <property name="cayenne.GenericSelectQuery.fetchingDataRows" value="true"/>
        <sql><![CDATA[
UPDATE FCR_ReportHistory
   SET ReportHistoryID = #bind($InstanceID 'NUMERIC')
   #chunk($FCReportID)       , ReportID       = #bind($FCReportID 'NUMERIC') #end
   #chunk($ProcessID)        , ProcessID      = #bind($ProcessID 'NUMERIC') #end
   #chunk($UserLogin)        , UserLogin      = #bind($UserLogin 'VARCHAR') #end
   #chunk($StartDate)        , StartDate      = #bind($StartDate 'BIGINT') #end
   #chunk($EndDate)          , EndDate        = #bind($EndDate 'BIGINT') #end
   #chunk($ExecuteStatus)    , ExecuteStatus  = #bind($ExecuteStatus 'INTEGER') #end
   #chunk($FCReportFileName) , ReportFilePath = #bind($FCReportFileName 'VARCHAR') #end
WHERE ReportHistoryID = #bind($InstanceID 'NUMERIC')
        ]]></sql>
    </query>
    <query name="reportHistoryGetById" factory="org.apache.cayenne.map.SQLTemplateBuilder" root="data-map"
            root-name="WSDomainMap">
        <property name="cayenne.GenericSelectQuery.fetchingDataRows" value="true" />
        <sql><![CDATA[
SELECT *
FROM FCR_ReportHistory
WHERE ReportHistoryID = #bind($ReportHistoryID 'NUMERIC')
        ]]></sql>
    </query>
    <query name="reportHistoryDelete" factory="org.apache.cayenne.map.SQLTemplateBuilder" root="data-map"
            root-name="WSDomainMap">
        <property name="cayenne.GenericSelectQuery.fetchingDataRows" value="true" />
        <sql><![CDATA[
DELETE FROM FCR_ReportHistory WHERE ReportHistoryID = #bind($ReportHistoryID 'NUMERIC')
        ]]></sql>
    </query>
    <query name="reportHistoryGetListByParams" factory="org.apache.cayenne.map.SQLTemplateBuilder" root="data-map"
            root-name="WSDomainMap">
        <property name="cayenne.GenericSelectQuery.fetchingDataRows" value="true" />
        <sql><![CDATA[
SELECT 
	#result('h.PROCESSID'      , 'java.lang.Long'   , 'ProcessID'),
	#result('h.REPORTHISTORYID', 'java.lang.Long'   , 'InstanceID'),	
	#result('h.REPORTID'       , 'java.lang.Long'   , 'FCReportID'),
	#result('r.REPORTSYSNAME'  , 'java.lang.String' , 'FCReportSysName'),
	#result('r.REPORTNAME'     , 'java.lang.String' , 'FCReportName'),
	#result('h.USERLOGIN'      , 'java.lang.String' , 'UserLogin'),
	#result('h.STARTDATE'      , 'java.lang.Long'   , 'StartDate'),
	#result('h.ENDDATE'        , 'java.lang.Long'   , 'EndDate'),
	#result('h.EXECUTESTATUS'  , 'java.lang.Integer', 'ExecuteStatus'),
	#result('h.REPORTFILEPATH' , 'java.lang.String' , 'FCReportFileName'),
	#result('r.REPORTGROUPID'  , 'java.lang.Long'   , 'FCReportGroupID'),	
	#result('g.NAME'           , 'java.lang.String' , 'FCReportGroupName')
  FROM FCR_ReportHistory h
 INNER JOIN FCR_Report r
         ON r.REPORTID = h.REPORTID
  LEFT JOIN FCR_ReportGroup g  
         ON g.REPORTGROUPID = r.REPORTGROUPID       
#chain('AND' 'WHERE')
    #chunk($ReportHistoryID) h.ReportHistoryID = #bind($ReportHistoryID 'NUMERIC') #end
    #chunk($FCReportID) h.ReportID = #bind($FCReportID 'NUMERIC') #end
    #chunk($FCReportSysName) r.ReportSysname LIKE #bind($FCReportSysName 'VARCHAR') #end
    #chunk($FCReportName) r.ReportName LIKE #bind($FCReportName 'VARCHAR') #end    
    #chunk($ProcessID) h.ProcessID = #bind($ProcessID 'NUMERIC') #end
    #chunk($UserLogin) h.UserLogin LIKE #bind($UserLogin 'VARCHAR') #end
    #chunk($StartDate) h.StartDate >= #bind($StartDate 'BIGINT') #end
    #chunk($StartDate2) h.StartDate <= #bind($StartDate2 'BIGINT') #end
    #chunk($EndDate) h.EndDate = #bind($EndDate 'BIGINT') #end
    #chunk($ExecuteStatus) h.ExecuteStatus = #bind($ExecuteStatus 'INTEGER') #end
    #chunk($FCReportFileName) h.ReportFilePath = #bind($FCReportFileName 'VARCHAR') #end
    #chunk($FCReportGroupID) r.ReportGroupID = #bind($FCReportGroupID 'NUMERIC') #end
    #chunk($TEXT_FILTER_RESULT) $TEXT_FILTER_RESULT #end
#end
#chunk($ORDERBY) ORDER BY $ORDERBY #end
        ]]></sql>
    </query>
    <query name="reportHistoryGetListByParamsCount" factory="org.apache.cayenne.map.SQLTemplateBuilder" root="data-map"
            root-name="WSDomainMap">
        <property name="cayenne.GenericSelectQuery.fetchingDataRows" value="true" />
        <sql><![CDATA[
SELECT COUNT(h.ReportHistoryID)
  FROM FCR_ReportHistory h
 INNER JOIN FCR_Report r
         ON r.REPORTID = h.REPORTID
  LEFT JOIN FCR_ReportGroup g  
         ON g.REPORTGROUPID = r.REPORTGROUPID       
#chain('AND' 'WHERE')
    #chunk($ReportHistoryID) h.ReportHistoryID = #bind($ReportHistoryID 'NUMERIC') #end
    #chunk($FCReportID) h.ReportID = #bind($FCReportID 'NUMERIC') #end
    #chunk($FCReportSysName) r.ReportSysname LIKE #bind($FCReportSysName 'VARCHAR') #end
    #chunk($FCReportName) r.ReportName LIKE #bind($FCReportName 'VARCHAR') #end    
    #chunk($ProcessID) h.ProcessID = #bind($ProcessID 'NUMERIC') #end
    #chunk($UserLogin) h.UserLogin LIKE #bind($UserLogin 'VARCHAR') #end
    #chunk($StartDate) h.StartDate >= #bind($StartDate 'BIGINT') #end
    #chunk($StartDate2) h.StartDate <= #bind($StartDate2 'BIGINT') #end
    #chunk($EndDate) h.EndDate = #bind($EndDate 'BIGINT') #end
    #chunk($ExecuteStatus) h.ExecuteStatus = #bind($ExecuteStatus 'INTEGER') #end
    #chunk($FCReportFileName) h.ReportFilePath = #bind($FCReportFileName 'VARCHAR') #end
    #chunk($FCReportGroupID) r.ReportGroupID = #bind($FCReportGroupID 'NUMERIC') #end
    #chunk($TEXT_FILTER_RESULT) $TEXT_FILTER_RESULT #end
#end
        ]]></sql>
    </query>
    <query name="reportHistoryGetListByContext" factory="org.apache.cayenne.map.SQLTemplateBuilder" root="data-map"
            root-name="WSDomainMap">
        <property name="cayenne.GenericSelectQuery.fetchingDataRows" value="true" />
        <sql><![CDATA[
SELECT *
FROM FCR_ReportHistory
#chain('AND' 'WHERE')
    #chunk($TEXT_FILTER_RESULT) $TEXT_FILTER_RESULT #end
#end
#chunk($ORDERBY) ORDER BY $ORDERBY #end
        ]]></sql>
    </query>
    <query name="reportHistoryGetListByContextCount" factory="org.apache.cayenne.map.SQLTemplateBuilder" root="data-map"
            root-name="WSDomainMap">
        <property name="cayenne.GenericSelectQuery.fetchingDataRows" value="true" />
        <sql><![CDATA[
SELECT COUNT(*)
FROM FCR_ReportHistory
#chain('AND' 'WHERE')
    #chunk($TEXT_FILTER_RESULT) $TEXT_FILTER_RESULT #end
#end
        ]]></sql>
    </query>
    <query name="reportHistoryMassModify" factory="org.apache.cayenne.map.SQLTemplateBuilder"
        root="data-map" root-name="WSDomainMap">
        <property name="cayenne.GenericSelectQuery.fetchingDataRows" value="true"/>
        <sql><![CDATA[
#chunk($BATCH) 	
	#chunk($DRIVER_MSSQL) SET ROWCOUNT $BATCH #end
	#chunk($DRIVER_SYBASE) SET ROWCOUNT $BATCH #end
#end			
UPDATE FCR_ReportHistory
#chain(',' 'SET')
	#chunk($MODIFY_ReportHistoryID) ReportHistoryID = #bind($MODIFY_ReportHistoryID 'NUMERIC') #end	
	#chunk($MODIFY_ReportID) ReportID = #bind($MODIFY_ReportID 'NUMERIC') #end	
	#chunk($MODIFY_ProcessID) ProcessID = #bind($MODIFY_ProcessID 'NUMERIC') #end	
	#chunk($MODIFY_UserLogin) UserLogin = #bind($MODIFY_UserLogin 'VARCHAR') #end	
	#chunk($MODIFY_StartDate) StartDate = #bind($MODIFY_StartDate 'BIGINT') #end	
	#chunk($MODIFY_EndDate) EndDate = #bind($MODIFY_EndDate 'BIGINT') #end	
	#chunk($MODIFY_ExecuteStatus) ExecuteStatus = #bind($MODIFY_ExecuteStatus 'INTEGER') #end	
	#chunk($MODIFY_ReportFilePath) ReportFilePath = #bind($MODIFY_ReportFilePath 'VARCHAR') #end	
#end
#chain('AND' 'WHERE')
	#chunk($SEARCH_ReportHistoryID) ReportHistoryID = #bind($SEARCH_ReportHistoryID 'NUMERIC') #end	
	#chunk($SEARCH_NOT_ReportHistoryID) (ReportHistoryID != #bind($SEARCH_NOT_ReportHistoryID 'NUMERIC') OR ReportHistoryID IS NULL) #end	
	#chunk($SEARCH_ReportID) ReportID = #bind($SEARCH_ReportID 'NUMERIC') #end	
	#chunk($SEARCH_NOT_ReportID) (ReportID != #bind($SEARCH_NOT_ReportID 'NUMERIC') OR ReportID IS NULL) #end	
	#chunk($SEARCH_ProcessID) ProcessID = #bind($SEARCH_ProcessID 'NUMERIC') #end	
	#chunk($SEARCH_NOT_ProcessID) (ProcessID != #bind($SEARCH_NOT_ProcessID 'NUMERIC') OR ProcessID IS NULL) #end	
	#chunk($SEARCH_UserLogin) UserLogin = #bind($SEARCH_UserLogin 'VARCHAR') #end	
	#chunk($SEARCH_NOT_UserLogin) (UserLogin != #bind($SEARCH_NOT_UserLogin 'VARCHAR') OR UserLogin IS NULL) #end	
	#chunk($SEARCH_StartDate) StartDate = #bind($SEARCH_StartDate 'BIGINT') #end	
	#chunk($SEARCH_NOT_StartDate) (StartDate != #bind($SEARCH_NOT_StartDate 'BIGINT') OR StartDate IS NULL) #end	
	#chunk($SEARCH_EndDate) EndDate = #bind($SEARCH_EndDate 'BIGINT') #end	
	#chunk($SEARCH_NOT_EndDate) (EndDate != #bind($SEARCH_NOT_EndDate 'BIGINT') OR EndDate IS NULL) #end	
	#chunk($SEARCH_ExecuteStatus) ExecuteStatus = #bind($SEARCH_ExecuteStatus 'INTEGER') #end	
	#chunk($SEARCH_NOT_ExecuteStatus) (ExecuteStatus != #bind($SEARCH_NOT_ExecuteStatus 'INTEGER') OR ExecuteStatus IS NULL) #end	
	#chunk($SEARCH_ReportFilePath) ReportFilePath = #bind($SEARCH_ReportFilePath 'VARCHAR') #end	
	#chunk($SEARCH_NOT_ReportFilePath) (ReportFilePath != #bind($SEARCH_NOT_ReportFilePath 'VARCHAR') OR ReportFilePath IS NULL) #end	
#end 
#chunk($BATCH) 	
	#chunk($DRIVER_ORACLE) AND ROWNUM <= $BATCH #end
	#chunk($DRIVER_MSSQL) SET ROWCOUNT 0 #end
	#chunk($DRIVER_SYBASE) SET ROWCOUNT 0 #end
#end 
]]></sql>
	<sql adapter-class="org.apache.cayenne.dba.db2.DB2Adapter"><![CDATA[
UPDATE (
SELECT 
ROWNUMBER() OVER(ORDER BY ReportHistoryID) RN, 
TBL.* 
FROM FCR_ReportHistory TBL
#chain('AND' 'WHERE')
	#chunk($SEARCH_ReportHistoryID) ReportHistoryID = #bind($SEARCH_ReportHistoryID 'NUMERIC') #end	
	#chunk($SEARCH_NOT_ReportHistoryID) (ReportHistoryID != #bind($SEARCH_NOT_ReportHistoryID 'NUMERIC') OR ReportHistoryID IS NULL) #end	
	#chunk($SEARCH_ReportID) ReportID = #bind($SEARCH_ReportID 'NUMERIC') #end	
	#chunk($SEARCH_NOT_ReportID) (ReportID != #bind($SEARCH_NOT_ReportID 'NUMERIC') OR ReportID IS NULL) #end	
	#chunk($SEARCH_ProcessID) ProcessID = #bind($SEARCH_ProcessID 'NUMERIC') #end	
	#chunk($SEARCH_NOT_ProcessID) (ProcessID != #bind($SEARCH_NOT_ProcessID 'NUMERIC') OR ProcessID IS NULL) #end	
	#chunk($SEARCH_UserLogin) UserLogin = #bind($SEARCH_UserLogin 'VARCHAR') #end	
	#chunk($SEARCH_NOT_UserLogin) (UserLogin != #bind($SEARCH_NOT_UserLogin 'VARCHAR') OR UserLogin IS NULL) #end	
	#chunk($SEARCH_StartDate) StartDate = #bind($SEARCH_StartDate 'BIGINT') #end	
	#chunk($SEARCH_NOT_StartDate) (StartDate != #bind($SEARCH_NOT_StartDate 'BIGINT') OR StartDate IS NULL) #end	
	#chunk($SEARCH_EndDate) EndDate = #bind($SEARCH_EndDate 'BIGINT') #end	
	#chunk($SEARCH_NOT_EndDate) (EndDate != #bind($SEARCH_NOT_EndDate 'BIGINT') OR EndDate IS NULL) #end	
	#chunk($SEARCH_ExecuteStatus) ExecuteStatus = #bind($SEARCH_ExecuteStatus 'INTEGER') #end	
	#chunk($SEARCH_NOT_ExecuteStatus) (ExecuteStatus != #bind($SEARCH_NOT_ExecuteStatus 'INTEGER') OR ExecuteStatus IS NULL) #end	
	#chunk($SEARCH_ReportFilePath) ReportFilePath = #bind($SEARCH_ReportFilePath 'VARCHAR') #end	
	#chunk($SEARCH_NOT_ReportFilePath) (ReportFilePath != #bind($SEARCH_NOT_ReportFilePath 'VARCHAR') OR ReportFilePath IS NULL) #end	
#end 
) 
#chain(',' 'SET')
	#chunk($MODIFY_ReportHistoryID) ReportHistoryID = #bind($MODIFY_ReportHistoryID 'NUMERIC') #end	
	#chunk($MODIFY_ReportID) ReportID = #bind($MODIFY_ReportID 'NUMERIC') #end	
	#chunk($MODIFY_ProcessID) ProcessID = #bind($MODIFY_ProcessID 'NUMERIC') #end	
	#chunk($MODIFY_UserLogin) UserLogin = #bind($MODIFY_UserLogin 'VARCHAR') #end	
	#chunk($MODIFY_StartDate) StartDate = #bind($MODIFY_StartDate 'BIGINT') #end	
	#chunk($MODIFY_EndDate) EndDate = #bind($MODIFY_EndDate 'BIGINT') #end	
	#chunk($MODIFY_ExecuteStatus) ExecuteStatus = #bind($MODIFY_ExecuteStatus 'INTEGER') #end	
	#chunk($MODIFY_ReportFilePath) ReportFilePath = #bind($MODIFY_ReportFilePath 'VARCHAR') #end	
#end 
#chunk($BATCH) 	
	#chunk($DRIVER_DB2) WHERE RN <= $BATCH #end
#end 
]]></sql>
    </query>
</data-map>   