<data-map project-version="2.0">
    <query name="reportGroupFindById" factory="org.apache.cayenne.map.SQLTemplateBuilder" root="data-map" root-name="WSDomainMap">
        <property name="cayenne.GenericSelectQuery.fetchingDataRows" value="true" />
        <sql><![CDATA[
			SELECT 
				#result('ReportGroupID', 'java.lang.Long'  , 'FCReportGroupID'),
				#result('Name'         , 'java.lang.String', 'FCReportGroupName'),
				#result('SysName'      , 'java.lang.String', 'FCReportGroupSysName'),
				#result('Description'  , 'java.lang.String', 'FCReportGroupDescription')
			  FROM FCR_ReportGroup
		   	 WHERE ReportGroupID = #bind($FCReportGroupID 'NUMERIC')
        ]]></sql>
    </query>
    
    <query name="reportGroupCheckExistsByName" factory="org.apache.cayenne.map.SQLTemplateBuilder" root="data-map" root-name="WSDomainMap">
        <property name="cayenne.GenericSelectQuery.fetchingDataRows" value="true" />
        <sql><![CDATA[
			SELECT 
				#result('ReportGroupID', 'java.lang.Long', 'FCReportGroupID')
			  FROM FCR_ReportGroup
			 WHERE Name = #bind($FCReportGroupName 'VARCHAR')
			    #chunk($FCReportGroupID) AND ReportGroupID <> #bind($FCReportGroupID 'NUMERIC') #end  			   
        ]]></sql>
    </query>
    
    <query name="reportGroupCheckExistsBySysName" factory="org.apache.cayenne.map.SQLTemplateBuilder" root="data-map" root-name="WSDomainMap">
        <property name="cayenne.GenericSelectQuery.fetchingDataRows" value="true" />
        <sql><![CDATA[
			SELECT
			    #result('ReportGroupID', 'java.lang.Long', 'FCReportGroupID')				
			  FROM FCR_ReportGroup
			 WHERE SysName = #bind($FCReportGroupSysName 'VARCHAR')
			    #chunk($FCReportGroupID) AND ReportGroupID <> #bind($FCReportGroupID 'NUMERIC') #end  			   
        ]]></sql>
    </query>  

    <query name="reportGroupInsert" factory="org.apache.cayenne.map.SQLTemplateBuilder" root="data-map" root-name="WSDomainMap">
        <property name="cayenne.GenericSelectQuery.fetchingDataRows" value="true"/>
        <sql><![CDATA[
			INSERT INTO FCR_ReportGroup (
				ReportGroupID,  
				SysName,  
				Name,  
				Description
			) VALUES (
				#bind($FCReportGroupID 'NUMERIC'),  
				#bind($FCReportGroupSysName 'VARCHAR'),  
				#bind($FCReportGroupName 'VARCHAR'),  
				#bind($FCReportGroupDescription 'VARCHAR')
			)
        ]]></sql>
    </query>

    <query name="reportGroupUpdate" factory="org.apache.cayenne.map.SQLTemplateBuilder" root="data-map" root-name="WSDomainMap">
        <property name="cayenne.GenericSelectQuery.fetchingDataRows" value="true"/>
        <sql><![CDATA[
			UPDATE FCR_ReportGroup
    			SET ReportGroupID = #bind($FCReportGroupID 'NUMERIC')
                	#chunk($FCReportGroupSysName)    , SysName = #bind($FCReportGroupSysName 'VARCHAR') #end
                	#chunk($FCReportGroupName)       , Name = #bind($FCReportGroupName 'VARCHAR') #end
                	#chunk($FCReportGroupDescription), Description = #bind($FCReportGroupDescription 'VARCHAR') #end
		    WHERE ReportGroupID = #bind($FCReportGroupID 'NUMERIC')
        ]]></sql>
    </query>
    
    <query name="reportGroupDelete" factory="org.apache.cayenne.map.SQLTemplateBuilder" root="data-map" root-name="WSDomainMap">
        <property name="cayenne.GenericSelectQuery.fetchingDataRows" value="true" />
        <sql><![CDATA[
			DELETE 
			  FROM FCR_ReportGroup 
			 WHERE ReportGroupID = #bind($FCReportGroupID 'NUMERIC')
			   AND NOT EXISTS (SELECT 1
			                     FROM FCR_Report r
			                    WHERE r.ReportGroupID = #bind($FCReportGroupID 'NUMERIC')
			                   )
        ]]></sql>
    </query> 
    
    <query name="reportGroupCheckReportLink" factory="org.apache.cayenne.map.SQLTemplateBuilder" root="data-map" root-name="WSDomainMap">
        <property name="cayenne.GenericSelectQuery.fetchingDataRows" value="true" />
        <sql><![CDATA[
			SELECT 
				#result('min(ReportID)', 'java.lang.Long', 'FCReportID')
			  FROM FCR_Report
			 WHERE ReportGroupID = #bind($FCReportGroupID 'NUMERIC')			      			   
        ]]></sql>
    </query>        
       
    <query name="reportGroupBrowseListByParam" factory="org.apache.cayenne.map.SQLTemplateBuilder" root="data-map"
            root-name="WSDomainMap">
        <property name="cayenne.GenericSelectQuery.fetchingDataRows" value="true" />
        <sql><![CDATA[
			SELECT 
				#result('ReportGroupID', 'java.lang.Long'  , 'FCReportGroupID'),
				#result('SysName'      , 'java.lang.String', 'FCReportGroupSysName'),
				#result('Name'         , 'java.lang.String', 'FCReportGroupName'),
				#result('Description'  , 'java.lang.String', 'FCReportGroupDescription')
			FROM FCR_ReportGroup
			#chain('AND' 'WHERE')
				#chunk($FCReportGroupID) ReportGroupID = #bind($FCReportGroupID 'NUMERIC') #end
    			#chunk($FCReportGroupSysName) SysName LIKE #bind($FCReportGroupSysName 'VARCHAR') #end
    			#chunk($FCReportGroupName) Name LIKE #bind($FCReportGroupName 'VARCHAR') #end    			
			#end
			#chunk($ORDERBY) ORDER BY $ORDERBY #end
        ]]></sql>
    </query>
    <query name="reportGroupBrowseListByParamCount" factory="org.apache.cayenne.map.SQLTemplateBuilder" root="data-map"
            root-name="WSDomainMap">
        <property name="cayenne.GenericSelectQuery.fetchingDataRows" value="true" />
        <sql><![CDATA[
			SELECT COUNT(ReportGroupID)
			FROM FCR_ReportGroup
			#chain('AND' 'WHERE')
				#chunk($FCReportGroupID) ReportGroupID = #bind($FCReportGroupID 'NUMERIC') #end
    			#chunk($FCReportGroupSysName) SysName LIKE #bind($FCReportGroupSysName 'VARCHAR') #end
    			#chunk($FCReportGroupName) Name LIKE #bind($FCReportGroupName 'VARCHAR') #end    			
			#end
        ]]></sql>
    </query>    
</data-map>   