<data-map project-version="2.0">
    <query name="reportCreate" factory="org.apache.cayenne.map.SQLTemplateBuilder" root="data-map"
            root-name="WSDomainMap">
        <property name="cayenne.GenericSelectQuery.fetchingDataRows" value="true"/>
        <sql><![CDATA[
INSERT INTO FCR_Report (
	ReportID,  
	ReportSysname,  
	ReportName,  
	UserLogin,  
	TemplateName,  
	FileFormat,  
	DeleteDataFlag
) VALUES (
	#bind($FCReportID 'NUMERIC'),  
	#bind($FCReportSysName 'VARCHAR'),  
	#bind($FCReportName 'VARCHAR'),  
	#bind($UserLogin 'VARCHAR'),  
	#bind($TemplatePathName 'VARCHAR'),  
	#bind($FileFormat 'VARCHAR'),  
	#bind($DeleteDataFlag 'INTEGER'),
	#bind($ConfigPathName 'VARCHAR')
)
        ]]></sql>
    </query>
    <query name="reportModify" factory="org.apache.cayenne.map.SQLTemplateBuilder" root="data-map"
           root-name="WSDomainMap">
        <property name="cayenne.GenericSelectQuery.fetchingDataRows" value="true"/>
        <sql><![CDATA[
UPDATE FCR_Report
    SET ReportID = #bind($FCReportID 'NUMERIC')
                #chunk($FCReportSysName) , ReportSysname = #bind($FCReportSysName 'VARCHAR') #end
                #chunk($FCReportName) , ReportName = #bind($FCReportName 'VARCHAR') #end
                #chunk($UserLogin) , UserLogin = #bind($UserLogin 'VARCHAR') #end
                #chunk($TemplatePathName) , TemplateName = #bind($TemplatePathName 'VARCHAR') #end
                #chunk($FileFormat) , FileFormat = #bind($FileFormat 'VARCHAR') #end
                #chunk($DeleteDataFlag) , DeleteDataFlag = #bind($DeleteDataFlag 'INTEGER') #end
                #chunk($ConfigPathName) , ConfigPath = #bind($ConfigPathName 'VARCHAR') #end               
                , ReportGroupID = #bind($FCReportGroupID 'NUMERIC')
                	
    WHERE ReportID = #bind($FCReportID 'NUMERIC')
        ]]></sql>
    </query>
    <query name="reportGetById" factory="org.apache.cayenne.map.SQLTemplateBuilder" root="data-map"
            root-name="WSDomainMap">
        <property name="cayenne.GenericSelectQuery.fetchingDataRows" value="true" />
        <sql><![CDATA[
SELECT 
	#result('r.REPORTID', 'java.lang.Long', 'FCReportID'),
	#result('r.REPORTSYSNAME', 'java.lang.String', 'FCReportSysName'),
	#result('r.REPORTNAME', 'java.lang.String', 'FCReportName'),
	#result('r.USERLOGIN', 'java.lang.String', 'UserLogin'),
	#result('r.TEMPLATENAME', 'java.lang.String', 'TemplatePathName'),
	#result('r.FILEFORMAT', 'java.lang.Integer', 'FileFormat'),
	#result('r.DELETEDATAFLAG', 'java.lang.Integer', 'DeleteDataFlag'),
	#result('r.CONFIGPATH', 'java.lang.String', 'ConfigPathName'),
	#result('r.REPORTGROUPID', 'java.lang.Long', 'FCReportGroupID'),	
	#result('g.NAME', 'java.lang.String', 'FCReportGroupName')
FROM FCR_Report r
LEFT JOIN FCR_ReportGroup g
       ON g.REPORTGROUPID = r.REPORTGROUPID
WHERE r.ReportID = #bind($FCReportID 'NUMERIC')
        ]]></sql>
    </query>
    <query name="reportGetByName" factory="org.apache.cayenne.map.SQLTemplateBuilder" root="data-map"
            root-name="WSDomainMap">
        <property name="cayenne.GenericSelectQuery.fetchingDataRows" value="true" />
        <sql><![CDATA[
SELECT 
	#result('REPORTID', 'java.lang.Long', 'FCReportID')
FROM FCR_Report
WHERE ReportName = #bind($FCReportName 'VARCHAR')
        ]]></sql>
    </query>
    <query name="reportGetBySysName" factory="org.apache.cayenne.map.SQLTemplateBuilder" root="data-map"
            root-name="WSDomainMap">
        <property name="cayenne.GenericSelectQuery.fetchingDataRows" value="true" />
        <sql><![CDATA[
SELECT 
	#result('REPORTID', 'java.lang.Long', 'FCReportID')
FROM FCR_Report
WHERE ReportSysname = #bind($FCReportSysName 'VARCHAR')
        ]]></sql>
    </query>   
    <query name="reportCheckExistsByName" factory="org.apache.cayenne.map.SQLTemplateBuilder" root="data-map"
            root-name="WSDomainMap">
        <property name="cayenne.GenericSelectQuery.fetchingDataRows" value="true" />
        <sql><![CDATA[
SELECT 
	#result('REPORTID', 'java.lang.Long', 'FCReportID')
FROM FCR_Report
WHERE ReportName = #bind($FCReportName 'VARCHAR')
  AND ReportID <> #bind($FCReportID 'NUMERIC')
        ]]></sql>
    </query>
    <query name="reportCheckExistsBySysName" factory="org.apache.cayenne.map.SQLTemplateBuilder" root="data-map"
            root-name="WSDomainMap">
        <property name="cayenne.GenericSelectQuery.fetchingDataRows" value="true" />
        <sql><![CDATA[
SELECT 
	#result('REPORTID', 'java.lang.Long', 'FCReportID')
FROM FCR_Report
WHERE ReportSysname = #bind($FCReportSysName 'VARCHAR')
  AND ReportID <> #bind($FCReportID 'NUMERIC')
        ]]></sql>
    </query>  
    <query name="reportDelete" factory="org.apache.cayenne.map.SQLTemplateBuilder" root="data-map"
            root-name="WSDomainMap">
        <property name="cayenne.GenericSelectQuery.fetchingDataRows" value="true" />
        <sql><![CDATA[
DELETE FROM FCR_Report WHERE ReportID = #bind($FCReportID 'NUMERIC')
        ]]></sql>
    </query>
    <query name="reportGetListByParams" factory="org.apache.cayenne.map.SQLTemplateBuilder" root="data-map"
            root-name="WSDomainMap">
        <property name="cayenne.GenericSelectQuery.fetchingDataRows" value="true" />
        <sql><![CDATA[
SELECT 
	#result('r.REPORTID', 'java.lang.Long', 'FCReportID'),
	#result('r.REPORTSYSNAME', 'java.lang.String', 'FCReportSysName'),
	#result('r.REPORTNAME', 'java.lang.String', 'FCReportName'),
	#result('r.USERLOGIN', 'java.lang.String', 'UserLogin'),
	#result('r.TEMPLATENAME', 'java.lang.String', 'TemplatePathName'),
	#result('r.FILEFORMAT', 'java.lang.Integer', 'FileFormat'),
	#result('r.DELETEDATAFLAG', 'java.lang.Integer', 'DeleteDataFlag'),
	#result('r.CONFIGPATH', 'java.lang.String', 'ConfigPathName'),
	#result('r.REPORTGROUPID', 'java.lang.Long', 'FCReportGroupID'),
	#result('g.NAME', 'java.lang.String', 'FCReportGroupName')
FROM FCR_Report r
LEFT JOIN FCR_ReportGroup g
       ON g.ReportGroupID = r.ReportGroupID
#chain('AND' 'WHERE')
	#chunk($FCReportID) r.ReportID = #bind($FCReportID 'NUMERIC') #end
    #chunk($FCReportSysName) r.ReportSysname LIKE #bind($FCReportSysName 'VARCHAR') #end
    #chunk($FCReportName) r.ReportName LIKE #bind($FCReportName 'VARCHAR') #end
    #chunk($UserLogin) r.UserLogin LIKE #bind($UserLogin 'VARCHAR') #end
    #chunk($TemplatePathName) r.TemplateName LIKE #bind($TemplatePathName 'VARCHAR') #end
    #chunk($FileFormat) r.FileFormat = #bind($FileFormat 'VARCHAR') #end
    #chunk($DeleteDataFlag) r.DeleteDataFlag = #bind($DeleteDataFlag 'INTEGER') #end
    #chunk($FCReportGroupID) r.ReportGroupID = #bind($FCReportGroupID 'NUMERIC') #end
#end
#chunk($ORDERBY) ORDER BY $ORDERBY #end
        ]]></sql>
    </query>
    <query name="reportGetListByParamsCount" factory="org.apache.cayenne.map.SQLTemplateBuilder" root="data-map"
            root-name="WSDomainMap">
        <property name="cayenne.GenericSelectQuery.fetchingDataRows" value="true" />
        <sql><![CDATA[
SELECT COUNT(ReportID)
FROM FCR_Report r
LEFT JOIN FCR_ReportGroup g
       ON g.ReportGroupID = r.ReportGroupID
#chain('AND' 'WHERE')
	#chunk($FCReportID) r.ReportID = #bind($FCReportID 'NUMERIC') #end
    #chunk($FCReportSysName) r.ReportSysname LIKE #bind($FCReportSysName 'VARCHAR') #end
    #chunk($FCReportName) r.ReportName LIKE #bind($FCReportName 'VARCHAR') #end
    #chunk($UserLogin) r.UserLogin LIKE #bind($UserLogin 'VARCHAR') #end
    #chunk($TemplatePathName) r.TemplateName LIKE #bind($TemplatePathName 'VARCHAR') #end
    #chunk($FileFormat) r.FileFormat = #bind($FileFormat 'VARCHAR') #end
    #chunk($DeleteDataFlag) r.DeleteDataFlag = #bind($DeleteDataFlag 'INTEGER') #end
    #chunk($FCReportGroupID) r.ReportGroupID = #bind($FCReportGroupID 'NUMERIC') #end
#end
        ]]></sql>
    </query>
    <query name="reportGetListByContext" factory="org.apache.cayenne.map.SQLTemplateBuilder" root="data-map"
            root-name="WSDomainMap">
        <property name="cayenne.GenericSelectQuery.fetchingDataRows" value="true" />
        <sql><![CDATA[
SELECT *
FROM FCR_Report
#chain('AND' 'WHERE')
    #chunk($TEXT_FILTER_RESULT) $TEXT_FILTER_RESULT #end
#end
#chunk($ORDERBY) ORDER BY $ORDERBY #end
        ]]></sql>
    </query>
    <query name="reportGetListByContextCount" factory="org.apache.cayenne.map.SQLTemplateBuilder" root="data-map"
            root-name="WSDomainMap">
        <property name="cayenne.GenericSelectQuery.fetchingDataRows" value="true" />
        <sql><![CDATA[
SELECT COUNT(*)
FROM FCR_Report
#chain('AND' 'WHERE')
    #chunk($TEXT_FILTER_RESULT) $TEXT_FILTER_RESULT #end
#end
        ]]></sql>
    </query>
    <query name="reportMassModify" factory="org.apache.cayenne.map.SQLTemplateBuilder"
        root="data-map" root-name="WSDomainMap">
        <property name="cayenne.GenericSelectQuery.fetchingDataRows" value="true"/>
        <sql><![CDATA[
#chunk($BATCH) 	
	#chunk($DRIVER_MSSQL) SET ROWCOUNT $BATCH #end
	#chunk($DRIVER_SYBASE) SET ROWCOUNT $BATCH #end
#end			
UPDATE FCR_Report
#chain(',' 'SET')
	#chunk($MODIFY_ReportID) ReportID = #bind($MODIFY_ReportID 'NUMERIC') #end	
	#chunk($MODIFY_ReportSysname) ReportSysname = #bind($MODIFY_ReportSysname 'VARCHAR') #end	
	#chunk($MODIFY_ReportName) ReportName = #bind($MODIFY_ReportName 'VARCHAR') #end	
	#chunk($MODIFY_UserLogin) UserLogin = #bind($MODIFY_UserLogin 'VARCHAR') #end	
	#chunk($MODIFY_TemplateName) TemplateName = #bind($MODIFY_TemplateName 'VARCHAR') #end	
	#chunk($MODIFY_FileFormat) FileFormat = #bind($MODIFY_FileFormat 'VARCHAR') #end	
	#chunk($MODIFY_DeleteDataFlag) DeleteDataFlag = #bind($MODIFY_DeleteDataFlag 'INTEGER') #end	
#end
#chain('AND' 'WHERE')
	#chunk($SEARCH_ReportID) ReportID = #bind($SEARCH_ReportID 'NUMERIC') #end	
	#chunk($SEARCH_NOT_ReportID) (ReportID != #bind($SEARCH_NOT_ReportID 'NUMERIC') OR ReportID IS NULL) #end	
	#chunk($SEARCH_ReportSysname) ReportSysname = #bind($SEARCH_ReportSysname 'VARCHAR') #end	
	#chunk($SEARCH_NOT_ReportSysname) (ReportSysname != #bind($SEARCH_NOT_ReportSysname 'VARCHAR') OR ReportSysname IS NULL) #end	
	#chunk($SEARCH_ReportName) ReportName = #bind($SEARCH_ReportName 'VARCHAR') #end	
	#chunk($SEARCH_NOT_ReportName) (ReportName != #bind($SEARCH_NOT_ReportName 'VARCHAR') OR ReportName IS NULL) #end	
	#chunk($SEARCH_UserLogin) UserLogin = #bind($SEARCH_UserLogin 'VARCHAR') #end	
	#chunk($SEARCH_NOT_UserLogin) (UserLogin != #bind($SEARCH_NOT_UserLogin 'VARCHAR') OR UserLogin IS NULL) #end	
	#chunk($SEARCH_TemplateName) TemplateName = #bind($SEARCH_TemplateName 'VARCHAR') #end	
	#chunk($SEARCH_NOT_TemplateName) (TemplateName != #bind($SEARCH_NOT_TemplateName 'VARCHAR') OR TemplateName IS NULL) #end	
	#chunk($SEARCH_FileFormat) FileFormat = #bind($SEARCH_FileFormat 'VARCHAR') #end	
	#chunk($SEARCH_NOT_FileFormat) (FileFormat != #bind($SEARCH_NOT_FileFormat 'VARCHAR') OR FileFormat IS NULL) #end	
	#chunk($SEARCH_DeleteDataFlag) DeleteDataFlag = #bind($SEARCH_DeleteDataFlag 'INTEGER') #end	
	#chunk($SEARCH_NOT_DeleteDataFlag) (DeleteDataFlag != #bind($SEARCH_NOT_DeleteDataFlag 'INTEGER') OR DeleteDataFlag IS NULL) #end	
#end 
#chunk($BATCH) 	
	#chunk($DRIVER_ORACLE) AND ROWNUM <= $BATCH #end
	#chunk($DRIVER_MSSQL) SET ROWCOUNT 0 #end
	#chunk($DRIVER_SYBASE) SET ROWCOUNT 0 #end
#end 
]]></sql>
	<sql adapter-class="org.apache.cayenne.dba.db2.DB2Adapter"><![CDATA[
UPDATE (
SELECT 
ROWNUMBER() OVER(ORDER BY ReportID) RN, 
TBL.* 
FROM FCR_Report TBL
#chain('AND' 'WHERE')
	#chunk($SEARCH_ReportID) ReportID = #bind($SEARCH_ReportID 'NUMERIC') #end	
	#chunk($SEARCH_NOT_ReportID) (ReportID != #bind($SEARCH_NOT_ReportID 'NUMERIC') OR ReportID IS NULL) #end	
	#chunk($SEARCH_ReportSysname) ReportSysname = #bind($SEARCH_ReportSysname 'VARCHAR') #end	
	#chunk($SEARCH_NOT_ReportSysname) (ReportSysname != #bind($SEARCH_NOT_ReportSysname 'VARCHAR') OR ReportSysname IS NULL) #end	
	#chunk($SEARCH_ReportName) ReportName = #bind($SEARCH_ReportName 'VARCHAR') #end	
	#chunk($SEARCH_NOT_ReportName) (ReportName != #bind($SEARCH_NOT_ReportName 'VARCHAR') OR ReportName IS NULL) #end	
	#chunk($SEARCH_UserLogin) UserLogin = #bind($SEARCH_UserLogin 'VARCHAR') #end	
	#chunk($SEARCH_NOT_UserLogin) (UserLogin != #bind($SEARCH_NOT_UserLogin 'VARCHAR') OR UserLogin IS NULL) #end	
	#chunk($SEARCH_TemplateName) TemplateName = #bind($SEARCH_TemplateName 'VARCHAR') #end	
	#chunk($SEARCH_NOT_TemplateName) (TemplateName != #bind($SEARCH_NOT_TemplateName 'VARCHAR') OR TemplateName IS NULL) #end	
	#chunk($SEARCH_FileFormat) FileFormat = #bind($SEARCH_FileFormat 'VARCHAR') #end	
	#chunk($SEARCH_NOT_FileFormat) (FileFormat != #bind($SEARCH_NOT_FileFormat 'VARCHAR') OR FileFormat IS NULL) #end	
	#chunk($SEARCH_DeleteDataFlag) DeleteDataFlag = #bind($SEARCH_DeleteDataFlag 'INTEGER') #end	
	#chunk($SEARCH_NOT_DeleteDataFlag) (DeleteDataFlag != #bind($SEARCH_NOT_DeleteDataFlag 'INTEGER') OR DeleteDataFlag IS NULL) #end	
#end 
) 
#chain(',' 'SET')
	#chunk($MODIFY_ReportID) ReportID = #bind($MODIFY_ReportID 'NUMERIC') #end	
	#chunk($MODIFY_ReportSysname) ReportSysname = #bind($MODIFY_ReportSysname 'VARCHAR') #end	
	#chunk($MODIFY_ReportName) ReportName = #bind($MODIFY_ReportName 'VARCHAR') #end	
	#chunk($MODIFY_UserLogin) UserLogin = #bind($MODIFY_UserLogin 'VARCHAR') #end	
	#chunk($MODIFY_TemplateName) TemplateName = #bind($MODIFY_TemplateName 'VARCHAR') #end	
	#chunk($MODIFY_FileFormat) FileFormat = #bind($MODIFY_FileFormat 'VARCHAR') #end	
	#chunk($MODIFY_DeleteDataFlag) DeleteDataFlag = #bind($MODIFY_DeleteDataFlag 'INTEGER') #end	
#end 
#chunk($BATCH) 	
	#chunk($DRIVER_DB2) WHERE RN <= $BATCH #end
#end 
]]></sql>
    </query>
    <query name="getDataFromTestTable" factory="org.apache.cayenne.map.SQLTemplateBuilder" root="data-map"
            root-name="WSDomainMap">
        <property name="cayenne.GenericSelectQuery.fetchingDataRows" value="true" />
        <sql><![CDATA[
SELECT *
FROM $TABLE_NAME
#chain('AND' 'WHERE')
    #chunk($PROCESSID) PROCESSID = #bind($PROCESSID 'NUMERIC') #end
#end
#chunk($ORDERBY) ORDER BY $ORDERBY #end
        ]]></sql>
    </query>
    
</data-map>   