<?xml version="1.0" encoding="UTF-8"?>
<assembly>
	<!--id>ftfcreport</id-->
	<formats>
		<format>zip</format>
	</formats>
	<includeBaseDirectory>false</includeBaseDirectory>

	<fileSets>
		<!-- services -->
		<fileSet>
			<directory>../services/ftfcreportws/ws/target/</directory>
			<outputDirectory>FTFCReport/ftfcreport/services</outputDirectory>
			<includes>
				<include>*.war</include>
			</includes>
			<excludes>
				<exclude>*signed*</exclude>
			</excludes>
		</fileSet>

		<!-- documentation -->
		<fileSet>
			<directory>../services/ftfcreportws/documentation/target/</directory>
			<outputDirectory>FTFCReport/documentation</outputDirectory>
			<includes>
				<include>*.zip</include>
				<include>*.doc</include>
				<include>*.docx</include>
			</includes>
		</fileSet>

		<!-- word documentation -->
		<fileSet>
			<directory>../documentation</directory>
			<outputDirectory>FTFCReport/documentation</outputDirectory>
			<includes>
				<include>*.zip</include>
				<include>*.doc</include>
				<include>*.docx</include>
			</includes>
		</fileSet>

		<!-- database -->
		<fileSet>
			<directory>../database/ftfcreportws-database/target/</directory>
			<outputDirectory>FTFCReport/ftfcreport/database</outputDirectory>
			<includes>
				<include>*.zip</include>
			</includes>
		</fileSet>

		<!-- metadata -->
		<fileSet>
			<directory>../metadata/target</directory>
			<outputDirectory>FTFCReport/ftfcreport/metadata</outputDirectory>
			<includes>
				<include>*.zip</include>
			</includes>
		</fileSet>

		<fileSet>
			<directory>../config</directory>
			<outputDirectory>FTFCReport/config-files</outputDirectory>
		</fileSet>

		<!-- installator files -->
				<fileSet>
			<directory>..</directory>
			<outputDirectory>FTFCReport/ftfcreport</outputDirectory>
			<includes>
				<include>module-deploy.xml</include>
			</includes>
		</fileSet>
		
		<fileSet>
			<directory>..</directory>
			<outputDirectory>FTFCReport</outputDirectory>
			<includes>
				<include>product-deploy.xml</include>
			</includes>
		</fileSet>
	</fileSets>
	
	<files>
		<file>
			<source>../module-version.xml</source>
			<outputDirectory>FTFCReport/ftfcreport</outputDirectory>
			<filtered>true</filtered>
		</file>
	</files>

</assembly>