<?xml version="1.0" encoding="UTF-8"?>
<!DOCTYPE book PUBLIC "-//OASIS//DTD DocBook XML V4.5//EN"
"http://www.oasis-open.org/docbook/xml/4.5/docbookx.dtd" [
<!ENTITY ServiceIntro SYSTEM "ServiceIntro.xml">
<!ENTITY FCReport SYSTEM "objects/FCReport.xml">
	<!ENTITY dsFCReportProcessExecuteBuilding SYSTEM "operations/dsFCReportProcessExecuteBuilding.xml">
	<!ENTITY dsFCReportMassInsert SYSTEM "operations/dsFCReportMassInsert.xml">
	<!ENTITY dsFCReportDelete SYSTEM "operations/dsFCReportDelete.xml">
	<!ENTITY dsFCReportUpdate SYSTEM "operations/dsFCReportUpdate.xml">
	<!ENTITY dsFCReportBrowseListByParam SYSTEM "operations/dsFCReportBrowseListByParam.xml">
	<!ENTITY dsFCReportFindByID SYSTEM "operations/dsFCReportFindByID.xml">
	<!ENTITY dsFCReportBrowseListInstanceByParam SYSTEM "operations/dsFCReportBrowseListInstanceByParam.xml">
	<!ENTITY dsFCReportFindInputParameterListByReportID SYSTEM "operations/dsFCReportFindInputParameterListByReportID.xml">
	<!ENTITY dsFCReportFindProtocolByInstanceID SYSTEM "operations/dsFCReportFindProtocolByInstanceID.xml">
	<!ENTITY dsFCReportMassDeleteInstance SYSTEM "operations/dsFCReportMassDeleteInstance.xml">
<!ENTITY FCReportGroup SYSTEM "objects/FCReportGroup.xml">
	<!ENTITY dsFCReportGroupInsert SYSTEM "operations/dsFCReportGroupInsert.xml">
	<!ENTITY dsFCReportGroupUpdate SYSTEM "operations/dsFCReportGroupUpdate.xml">
	<!ENTITY dsFCReportGroupDelete SYSTEM "operations/dsFCReportGroupDelete.xml">
	<!ENTITY dsFCReportGroupFindByID SYSTEM "operations/dsFCReportGroupFindByID.xml">
	<!ENTITY dsFCReportGroupBrowseListByParam SYSTEM "operations/dsFCReportGroupBrowseListByParam.xml">
<!ENTITY events SYSTEM "objects/events.xml">
	<!ENTITY dsOnAfterFCReportExecuteBuilding SYSTEM "operations/dsOnAfterFCReportExecuteBuilding.xml">
<!ENTITY subscriptions SYSTEM "objects/subscriptions.xml">
]>
<book xmlns="http://docbook.org/ns/docbook" version="5.0"
	xmlns:xlink="http://www.w3.org/1999/xlink" xmlns:xi="http://www.w3.org/2001/XInclude"
	xmlns:svg="http://www.w3.org/2000/svg" xmlns:m="http://www.w3.org/1998/Math/MathML"
	xmlns:html="http://www.w3.org/1999/xhtml" xmlns:db="http://docbook.org/ns/docbook"
	lang="ru">
	<bookinfo>
		<title>
			FLEXTERA "Финансовое ядро. Механизм отчетов"			
		</title>
		<copyright>
			<year>2016</year>
			<holder>Диасофт</holder>
		</copyright>
	</bookinfo>
	<toc></toc>
  &ServiceIntro;
	<chapter id="Objects" xreflabel="Objects">
    <?dbhtml filename="Objects.html"?>
		<chapterinfo>
			<keywordset>
				<keyword>Objects</keyword>
			</keywordset>
		</chapterinfo>
		<title>Включенные в сервис бизнес объекты</title>
		<?forseChanks?>
			&FCReport;
			&FCReportGroup;
			&events;
			&subscriptions;
	</chapter>
	<chapter id="Operations" xreflabel="Operations">
    <?dbhtml filename="Operations.html"?>
		<chapterinfo>
			<keywordset>
				<keyword>Operations</keyword>
			</keywordset>
		</chapterinfo>
		<title>Спецификация методов</title>
		<?forseChanks?>
			&dsFCReportProcessExecuteBuilding;
			&dsFCReportMassInsert;
			&dsFCReportDelete;
			&dsFCReportUpdate;
			&dsFCReportBrowseListByParam;
			&dsFCReportFindByID;
			&dsFCReportBrowseListInstanceByParam;
			&dsFCReportFindInputParameterListByReportID;
			&dsFCReportFindProtocolByInstanceID;
			&dsFCReportMassDeleteInstance;
			&dsFCReportGroupInsert;
			&dsFCReportGroupUpdate;
			&dsFCReportGroupDelete;
			&dsFCReportGroupFindByID;
			&dsFCReportGroupBrowseListByParam;
			&dsOnAfterFCReportExecuteBuilding;
	</chapter>
	<chapter id="Subscribers" xreflabel="Subscribers">
    <?dbhtml filename="Subscribers.html"?>
		<chapterinfo>
			<keywordset>
				<keyword>Subscribers</keyword>
			</keywordset>
		</chapterinfo>
		<title>Включенные в сервис обработчики событий</title>
		<?forseChanks?>
	</chapter>
</book>