<?xml version="1.0" encoding="UTF-8"?>
<section version="5.0" xml:id="dsFCReportGroupBrowseListByParam" xmlns="http://docbook.org/ns/docbook"
    xmlns:xlink="http://www.w3.org/1999/xlink" xmlns:xi="http://www.w3.org/2001/XInclude"
    xmlns:svg="http://www.w3.org/2000/svg" xmlns:m="http://www.w3.org/1998/Math/MathML"
    xmlns:html="http://www.w3.org/1999/xhtml" xmlns:db="http://docbook.org/ns/docbook">
    <?dbhtml filename="dsFCReportGroupBrowseListByParam.html"?>
    <title>dsFCReportGroupBrowseListByParam</title>
    <section>
        <title xml:id="Description">Информация по API методу:</title>
		<para>
			<table border="0" width="60%">
				<tr>
					<td width="30%">Есть виза архитектора: </td>
					<td width="70%" style="">Да</td>
				</tr>
				<tr>
					<td width="30%">Есть реализация: </td>
					<td width="70%">Нет</td>
				</tr>
			</table>
		</para>
	</section>
	<section>
		<title xml:id="Description">Описание</title>
		<para>Получение списка групп отчетов по параметрам</para>
	</section>
	<section>
		<title xml:id="using">Бизнес объект</title>
		<para>
			<link linkend="FCReportGroup">Группа пользовательских отчетов</link>
		</para>
	</section>
	<section>
		<title xml:id="InputParams">Входящие параметры</title>
		<para>
			<table border="1" width="65%">
				<tr>
					<td width="15%"><emphasis role="bold">Имя</emphasis></td>
					<td width="25%"><emphasis role="bold">По-русски</emphasis></td>
					<td width="10%"><emphasis role="bold">Тип</emphasis></td>
					<td width="5%" ><emphasis role="bold">Обяз?</emphasis></td>
					<td width="45%"><emphasis role="bold">Описание</emphasis></td>
				</tr>
			
				<tr>
					<td width="15%">FCReportGroupID</td>
					<td width="25%">FCReportGroupID</td>
					<td width="10%">Long</td>
					<td width="5%" >Да</td>
					<td width="45%">Идентификатор группы пользовательских отчетов</td>
				</tr>
			
				<tr>
					<td width="15%">FCReportGroupName</td>
					<td width="25%">FCReportGroupName</td>
					<td width="10%">String</td>
					<td width="5%" >Да</td>
					<td width="45%">Наименование группы пользовательских отчетов</td>
				</tr>
			
				<tr>
					<td width="15%">FCReportGroupSysName</td>
					<td width="25%">FCReportGroupSysName</td>
					<td width="10%">String</td>
					<td width="5%" >Да</td>
					<td width="45%">Системное наименование группы пользовательских отчетов</td>
				</tr>
			
				<tr>
					<td width="15%">PAGE</td>
					<td width="25%">PAGE</td>
					<td width="10%">Integer</td>
					<td width="5%" >Да</td>
					<td width="45%">Номер отображаемой страницы. По умолчанию номер страницы =1 (если не задан).</td>
				</tr>
			
				<tr>
					<td width="15%">ORDERBY</td>
					<td width="25%">ORDERBY</td>
					<td width="10%">String</td>
					<td width="5%" >Да</td>
					<td width="45%">Строка сортировки - перечисление полей выходного набора данных и направления сортировки (ASC или DESC) через запятую. 
Если не задана, сортировка производится по первому полю выходного набора.</td>
				</tr>
			
				<tr>
					<td width="15%">ROWSCOUNT</td>
					<td width="25%">ROWSCOUNT</td>
					<td width="10%">Integer</td>
					<td width="5%" >Да</td>
					<td width="45%">Число записей на страницу для постраничной разбивки. По умолчанию 10</td>
				</tr>
			
			</table>
		</para>
	</section>
	<section>
		<title xml:id="Output">Исходящие параметры</title>
		<para>
			<table border="1" width="65%">
				<tr>
					<td width="15%"><emphasis role="bold">Имя</emphasis></td>
					<td width="25%"><emphasis role="bold">По-русски</emphasis></td>
					<td width="10%"><emphasis role="bold">Тип</emphasis></td>
					<td width="5%" ><emphasis role="bold">Обяз?</emphasis></td>
					<td width="45%"><emphasis role="bold">Описание</emphasis></td>
				</tr>
			
				<tr>
					<td width="15%">TOTALCOUNT</td>
					<td width="25%">TOTALCOUNT</td>
					<td width="10%">Integer</td>
					<td width="5%" >Нет</td>
					<td width="45%">Общее количество найденных записей</td>
				</tr>
			
				<tr>
					<td width="15%">Result</td>
					<td width="25%">Result</td>
					<td width="10%"><link linkend="TFCReportGroupBrowseListTypeForDSFCReportGroupBrowseListByParam">TFCReportGroupBrowseListTypeForDSFCReportGroupBrowseListByParam</link></td>
					<td width="5%" >Да</td>
					<td width="45%">Основная информация о группах отчетов</td>
				</tr>
			
			</table>
		</para>
	</section>
</section>