<?xml version="1.0" encoding="UTF-8"?>
<section version="5.0" xml:id="dsFCReportMassInsert" xmlns="http://docbook.org/ns/docbook"
    xmlns:xlink="http://www.w3.org/1999/xlink" xmlns:xi="http://www.w3.org/2001/XInclude"
    xmlns:svg="http://www.w3.org/2000/svg" xmlns:m="http://www.w3.org/1998/Math/MathML"
    xmlns:html="http://www.w3.org/1999/xhtml" xmlns:db="http://docbook.org/ns/docbook">
    <?dbhtml filename="dsFCReportMassInsert.html"?>
    <title>dsFCReportMassInsert</title>
    <section>
        <title xml:id="Description">Информация по API методу:</title>
		<para>
			<table border="0" width="60%">
				<tr>
					<td width="30%">Есть виза архитектора: </td>
					<td width="70%" style="">Да</td>
				</tr>
				<tr>
					<td width="30%">Есть реализация: </td>
					<td width="70%">Нет</td>
				</tr>
			</table>
		</para>
	</section>
	<section>
		<title xml:id="Description">Описание</title>
		<para>Метод добавления пользовательских отчетов</para>
	</section>
	<section>
		<title xml:id="using">Бизнес объект</title>
		<para>
			<link linkend="FCReport">Пользовательский отчет</link>
		</para>
	</section>
	<section>
		<title xml:id="InputParams">Входящие параметры</title>
		<para>
			<table border="1" width="65%">
				<tr>
					<td width="15%"><emphasis role="bold">Имя</emphasis></td>
					<td width="25%"><emphasis role="bold">По-русски</emphasis></td>
					<td width="10%"><emphasis role="bold">Тип</emphasis></td>
					<td width="5%" ><emphasis role="bold">Обяз?</emphasis></td>
					<td width="45%"><emphasis role="bold">Описание</emphasis></td>
				</tr>
			
				<tr>
					<td width="15%">FCReportList</td>
					<td width="25%">FCReportList</td>
					<td width="10%"><link linkend="TFCReportListTypeForDSFCReportMassInsert">TFCReportListTypeForDSFCReportMassInsert</link></td>
					<td width="5%" >Нет</td>
					<td width="45%">Основные параметры отчета</td>
				</tr>
			
			</table>
		</para>
	</section>
	<section>
		<title xml:id="Output">Исходящие параметры</title>
		<para>
			<table border="1" width="65%">
				<tr>
					<td width="15%"><emphasis role="bold">Имя</emphasis></td>
					<td width="25%"><emphasis role="bold">По-русски</emphasis></td>
					<td width="10%"><emphasis role="bold">Тип</emphasis></td>
					<td width="5%" ><emphasis role="bold">Обяз?</emphasis></td>
					<td width="45%"><emphasis role="bold">Описание</emphasis></td>
				</tr>
			
				<tr>
					<td width="15%">FCReportIDList</td>
					<td width="25%">FCReportIDList</td>
					<td width="10%"><link linkend="TFCReportIDListTypeForDSFCReportMassInsert">TFCReportIDListTypeForDSFCReportMassInsert</link></td>
					<td width="5%" >Да</td>
					<td width="45%">Список идентификаторов отчетов</td>
				</tr>
			
				<tr>
					<td width="15%">NotificationList</td>
					<td width="25%">NotificationList</td>
					<td width="10%"><link linkend="TNotificationListTypeForDSFCReportMassInsert">TNotificationListTypeForDSFCReportMassInsert</link></td>
					<td width="5%" >Да</td>
					<td width="45%">Список ошибок</td>
				</tr>
			
			</table>
		</para>
	</section>
</section>