<?xml version="1.0" encoding="UTF-8"?>
<section version="5.0" xml:id="dsFCReportBrowseListInstanceByParam" xmlns="http://docbook.org/ns/docbook"
    xmlns:xlink="http://www.w3.org/1999/xlink" xmlns:xi="http://www.w3.org/2001/XInclude"
    xmlns:svg="http://www.w3.org/2000/svg" xmlns:m="http://www.w3.org/1998/Math/MathML"
    xmlns:html="http://www.w3.org/1999/xhtml" xmlns:db="http://docbook.org/ns/docbook">
    <?dbhtml filename="dsFCReportBrowseListInstanceByParam.html"?>
    <title>dsFCReportBrowseListInstanceByParam</title>
    <section>
        <title xml:id="Description">Информация по API методу:</title>
		<para>
			<table border="0" width="60%">
				<tr>
					<td width="30%">Есть виза архитектора: </td>
					<td width="70%" style="">Да</td>
				</tr>
				<tr>
					<td width="30%">Есть реализация: </td>
					<td width="70%">Нет</td>
				</tr>
			</table>
		</para>
	</section>
	<section>
		<title xml:id="Description">Описание</title>
		<para>Метод получения информации об экземплярах запуска отчета</para>
	</section>
	<section>
		<title xml:id="using">Бизнес объект</title>
		<para>
			<link linkend="FCReport">Пользовательский отчет</link>
		</para>
	</section>
	<section>
		<title xml:id="InputParams">Входящие параметры</title>
		<para>
			<table border="1" width="65%">
				<tr>
					<td width="15%"><emphasis role="bold">Имя</emphasis></td>
					<td width="25%"><emphasis role="bold">По-русски</emphasis></td>
					<td width="10%"><emphasis role="bold">Тип</emphasis></td>
					<td width="5%" ><emphasis role="bold">Обяз?</emphasis></td>
					<td width="45%"><emphasis role="bold">Описание</emphasis></td>
				</tr>
			
				<tr>
					<td width="15%">FCReportID</td>
					<td width="25%">FCReportID</td>
					<td width="10%">Long</td>
					<td width="5%" >Да</td>
					<td width="45%">Идентификатор отчета</td>
				</tr>
			
				<tr>
					<td width="15%">FCReportName</td>
					<td width="25%">FCReportName</td>
					<td width="10%">String</td>
					<td width="5%" >Да</td>
					<td width="45%">Наименование отчета</td>
				</tr>
			
				<tr>
					<td width="15%">FCReportSysName</td>
					<td width="25%">FCReportSysName</td>
					<td width="10%">String</td>
					<td width="5%" >Да</td>
					<td width="45%">Системное наименование отчета</td>
				</tr>
			
				<tr>
					<td width="15%">UserLogin</td>
					<td width="25%">UserLogin</td>
					<td width="10%">String</td>
					<td width="5%" >Да</td>
					<td width="45%">Логин пользователя</td>
				</tr>
			
				<tr>
					<td width="15%">StartDate</td>
					<td width="25%">StartDate</td>
					<td width="10%">Date</td>
					<td width="5%" >Да</td>
					<td width="45%">Дата запуска отчета</td>
				</tr>
			
				<tr>
					<td width="15%">ExecuteStatus</td>
					<td width="25%">ExecuteStatus</td>
					<td width="10%">Integer</td>
					<td width="5%" >Да</td>
					<td width="45%">Статус формирования отчета. Возможные значения:
1 - формируется;
2 - готов;
3 - ошибка.</td>
				</tr>
			
				<tr>
					<td width="15%">ProcessID</td>
					<td width="25%">ProcessID</td>
					<td width="10%">Long</td>
					<td width="5%" >Да</td>
					<td width="45%">Идентификатор запущенного процесса</td>
				</tr>
			
				<tr>
					<td width="15%">ORDERBY</td>
					<td width="25%">ORDERBY</td>
					<td width="10%">String</td>
					<td width="5%" >Да</td>
					<td width="45%">Строка сортировки - перечисление полей выходного набора данных и направления сортировки (ASC или DESC) через запятую. 
Если не задана, сортировка производится по первому полю выходного набора.</td>
				</tr>
			
				<tr>
					<td width="15%">PAGE</td>
					<td width="25%">PAGE</td>
					<td width="10%">Integer</td>
					<td width="5%" >Да</td>
					<td width="45%">Номер отображаемой страницы. По умолчанию номер страницы =1 (если не задан).</td>
				</tr>
			
				<tr>
					<td width="15%">ROWSCOUNT</td>
					<td width="25%">ROWSCOUNT</td>
					<td width="10%">Integer</td>
					<td width="5%" >Да</td>
					<td width="45%">Число записей на страницу для постраничной разбивки. По умолчанию 10</td>
				</tr>
			
				<tr>
					<td width="15%">FCReportGroupID</td>
					<td width="25%">FCReportGroupID</td>
					<td width="10%">Long</td>
					<td width="5%" >Да</td>
					<td width="45%">Идентификатор группы отчета</td>
				</tr>
			
			</table>
		</para>
	</section>
	<section>
		<title xml:id="Output">Исходящие параметры</title>
		<para>
			<table border="1" width="65%">
				<tr>
					<td width="15%"><emphasis role="bold">Имя</emphasis></td>
					<td width="25%"><emphasis role="bold">По-русски</emphasis></td>
					<td width="10%"><emphasis role="bold">Тип</emphasis></td>
					<td width="5%" ><emphasis role="bold">Обяз?</emphasis></td>
					<td width="45%"><emphasis role="bold">Описание</emphasis></td>
				</tr>
			
				<tr>
					<td width="15%">TOTALCOUNT</td>
					<td width="25%">TOTALCOUNT</td>
					<td width="10%">Integer</td>
					<td width="5%" >Нет</td>
					<td width="45%">Общее количество найденных записей</td>
				</tr>
			
				<tr>
					<td width="15%">Result</td>
					<td width="25%">Result</td>
					<td width="10%"><link linkend="TInstanceBrowseListTypeTypeForDSFCReportBrowseListInstanceByParam">TInstanceBrowseListTypeTypeForDSFCReportBrowseListInstanceByParam</link></td>
					<td width="5%" >Да</td>
					<td width="45%">Список экземпляров запуска отчетов</td>
				</tr>
			
			</table>
		</para>
	</section>
</section>