<?xml version="1.0" encoding="UTF-8"?>
<section version="5.0" xml:id="dsFCReportFindByID" xmlns="http://docbook.org/ns/docbook"
    xmlns:xlink="http://www.w3.org/1999/xlink" xmlns:xi="http://www.w3.org/2001/XInclude"
    xmlns:svg="http://www.w3.org/2000/svg" xmlns:m="http://www.w3.org/1998/Math/MathML"
    xmlns:html="http://www.w3.org/1999/xhtml" xmlns:db="http://docbook.org/ns/docbook">
    <?dbhtml filename="dsFCReportFindByID.html"?>
    <title>dsFCReportFindByID</title>
    <section>
        <title xml:id="Description">Информация по API методу:</title>
		<para>
			<table border="0" width="60%">
				<tr>
					<td width="30%">Есть виза архитектора: </td>
					<td width="70%" style="">Да</td>
				</tr>
				<tr>
					<td width="30%">Есть реализация: </td>
					<td width="70%">Нет</td>
				</tr>
			</table>
		</para>
	</section>
	<section>
		<title xml:id="Description">Описание</title>
		<para>Получение информации о пользовательском отчете</para>
	</section>
	<section>
		<title xml:id="using">Бизнес объект</title>
		<para>
			<link linkend="FCReport">Пользовательский отчет</link>
		</para>
	</section>
	<section>
		<title xml:id="InputParams">Входящие параметры</title>
		<para>
			<table border="1" width="65%">
				<tr>
					<td width="15%"><emphasis role="bold">Имя</emphasis></td>
					<td width="25%"><emphasis role="bold">По-русски</emphasis></td>
					<td width="10%"><emphasis role="bold">Тип</emphasis></td>
					<td width="5%" ><emphasis role="bold">Обяз?</emphasis></td>
					<td width="45%"><emphasis role="bold">Описание</emphasis></td>
				</tr>
			
				<tr>
					<td width="15%">FCReportID</td>
					<td width="25%">FCReportID</td>
					<td width="10%">Long</td>
					<td width="5%" >Нет</td>
					<td width="45%">Идентификатор отчета</td>
				</tr>
			
			</table>
		</para>
	</section>
	<section>
		<title xml:id="Output">Исходящие параметры</title>
		<para>
			<table border="1" width="65%">
				<tr>
					<td width="15%"><emphasis role="bold">Имя</emphasis></td>
					<td width="25%"><emphasis role="bold">По-русски</emphasis></td>
					<td width="10%"><emphasis role="bold">Тип</emphasis></td>
					<td width="5%" ><emphasis role="bold">Обяз?</emphasis></td>
					<td width="45%"><emphasis role="bold">Описание</emphasis></td>
				</tr>
			
				<tr>
					<td width="15%">FCReportID</td>
					<td width="25%">FCReportID</td>
					<td width="10%">Long</td>
					<td width="5%" >Да</td>
					<td width="45%">Идентификатор отчета</td>
				</tr>
			
				<tr>
					<td width="15%">FCReportName</td>
					<td width="25%">FCReportName</td>
					<td width="10%">String</td>
					<td width="5%" >Да</td>
					<td width="45%">Наименование отчета</td>
				</tr>
			
				<tr>
					<td width="15%">FCReportSysName</td>
					<td width="25%">FCReportSysName</td>
					<td width="10%">String</td>
					<td width="5%" >Да</td>
					<td width="45%">Системное наименование отчета</td>
				</tr>
			
				<tr>
					<td width="15%">DeleteDataFlag</td>
					<td width="25%">DeleteDataFlag</td>
					<td width="10%">Boolean</td>
					<td width="5%" >Да</td>
					<td width="45%">Флаг удаления данных, загруженных для экземпляра отчета</td>
				</tr>
			
				<tr>
					<td width="15%">FileFormat</td>
					<td width="25%">FileFormat</td>
					<td width="10%">Integer</td>
					<td width="5%" >Да</td>
					<td width="45%">Формат файла, в котором будет сохранен отчет. Возможные значения:
1 - xls;
2 - pdf;
3 - rtf.</td>
				</tr>
			
				<tr>
					<td width="15%">UserLogin</td>
					<td width="25%">UserLogin</td>
					<td width="10%">String</td>
					<td width="5%" >Да</td>
					<td width="45%">Логин пользователя, создавшего отчет</td>
				</tr>
			
				<tr>
					<td width="15%">TemplatePathName</td>
					<td width="25%">TemplatePathName</td>
					<td width="10%">String</td>
					<td width="5%" >Да</td>
					<td width="45%">Путь и наименование файла шаблона отчета</td>
				</tr>
			
				<tr>
					<td width="15%">ConfigPathName</td>
					<td width="25%">ConfigPathName</td>
					<td width="10%">String</td>
					<td width="5%" >Да</td>
					<td width="45%">Путь и наименование конфигурационного файла</td>
				</tr>
			
				<tr>
					<td width="15%">FCReportGroupID</td>
					<td width="25%">FCReportGroupID</td>
					<td width="10%">Long</td>
					<td width="5%" >Да</td>
					<td width="45%">Идентификатор группы отчета</td>
				</tr>
			
				<tr>
					<td width="15%">FCReportGroupName</td>
					<td width="25%">FCReportGroupName</td>
					<td width="10%">String</td>
					<td width="5%" >Да</td>
					<td width="45%">Наименование группы отчета</td>
				</tr>
			
			</table>
		</para>
	</section>
</section>