<?xml version="1.0" encoding="UTF-8"?>
<section version="5.0" xml:id="dsOnAfterFCReportExecuteBuilding" xmlns="http://docbook.org/ns/docbook"
    xmlns:xlink="http://www.w3.org/1999/xlink" xmlns:xi="http://www.w3.org/2001/XInclude"
    xmlns:svg="http://www.w3.org/2000/svg" xmlns:m="http://www.w3.org/1998/Math/MathML"
    xmlns:html="http://www.w3.org/1999/xhtml" xmlns:db="http://docbook.org/ns/docbook">
    <?dbhtml filename="dsOnAfterFCReportExecuteBuilding.html"?>
    <title>dsOnAfterFCReportExecuteBuilding</title>
    <section>
        <title xml:id="Description">Информация по API методу:</title>
		<para>
			<table border="0" width="60%">
				<tr>
					<td width="30%">Есть виза архитектора: </td>
					<td width="70%" style="">Да</td>
				</tr>
				<tr>
					<td width="30%">Есть реализация: </td>
					<td width="70%">Нет</td>
				</tr>
			</table>
		</para>
	</section>
	<section>
		<title xml:id="Description">Описание</title>
		<para>Событие завершения выполнения отчета</para>
	</section>
	<section>
		<title xml:id="using">Бизнес объект</title>
		<para>
			<link linkend="events">events</link>
		</para>
	</section>
	<section>
		<title xml:id="InputParams">Входящие параметры</title>
		<para>
			<table border="1" width="65%">
				<tr>
					<td width="15%"><emphasis role="bold">Имя</emphasis></td>
					<td width="25%"><emphasis role="bold">По-русски</emphasis></td>
					<td width="10%"><emphasis role="bold">Тип</emphasis></td>
					<td width="5%" ><emphasis role="bold">Обяз?</emphasis></td>
					<td width="45%"><emphasis role="bold">Описание</emphasis></td>
				</tr>
			
				<tr>
					<td width="15%">ProcessID</td>
					<td width="25%">ProcessID</td>
					<td width="10%">Long</td>
					<td width="5%" >Нет</td>
					<td width="45%">Идентификатор запущенного процесса</td>
				</tr>
			
				<tr>
					<td width="15%">ExecuteStatus</td>
					<td width="25%">ExecuteStatus</td>
					<td width="10%">Integer</td>
					<td width="5%" >Нет</td>
					<td width="45%">Статус формирования отчета. Возможные значения:
1 - формируется;
2 - готов;
3 - ошибка.</td>
				</tr>
			
				<tr>
					<td width="15%">ExecuteStatusText</td>
					<td width="25%">ExecuteStatusText</td>
					<td width="10%">String</td>
					<td width="5%" >Да</td>
					<td width="45%">Комментарий к статусу формирования отчета</td>
				</tr>
			
			</table>
		</para>
	</section>
	<section>
		<title xml:id="Output">Исходящие параметры</title>
		<para>
			<table border="1" width="65%">
				<tr>
					<td width="15%"><emphasis role="bold">Имя</emphasis></td>
					<td width="25%"><emphasis role="bold">По-русски</emphasis></td>
					<td width="10%"><emphasis role="bold">Тип</emphasis></td>
					<td width="5%" ><emphasis role="bold">Обяз?</emphasis></td>
					<td width="45%"><emphasis role="bold">Описание</emphasis></td>
				</tr>
			
			</table>
		</para>
	</section>
</section>