<?xml version="1.0" encoding="UTF-8"?>
<section version="5.0" xml:id="events" xmlns="http://docbook.org/ns/docbook"
  xmlns:xlink="http://www.w3.org/1999/xlink"  xmlns:xi="http://www.w3.org/2001/XInclude"
  xmlns:svg="http://www.w3.org/2000/svg"  xmlns:m="http://www.w3.org/1998/Math/MathML"
  xmlns:html="http://www.w3.org/1999/xhtml"  xmlns:db="http://docbook.org/ns/docbook">
<?dbhtml filename="events.html"?>
<title>events</title>
	<section>
		<title xml:id="ObjectDesc">Описание объекта</title>
	    <para>Events</para>
	</section>
	<section>
		<title xml:id="ObjectMethods">Методы</title>
	     <table border="1" width="1200">
	     <?dbhtml table-width="300" ?>
		<?dbfo table-width="300" ?>
	      	<tr>
				<td width="20%"><link linkend="dsOnAfterFCReportExecuteBuilding">dsOnAfterFCReportExecuteBuilding</link></td>
				<td>Событие завершения выполнения отчета</td>
	        </tr>
	    </table>
	</section>
</section>
