<?xml version="1.0" encoding="UTF-8"?>
<section version="5.0" xml:id="FCReportGroup" xmlns="http://docbook.org/ns/docbook"
  xmlns:xlink="http://www.w3.org/1999/xlink"  xmlns:xi="http://www.w3.org/2001/XInclude"
  xmlns:svg="http://www.w3.org/2000/svg"  xmlns:m="http://www.w3.org/1998/Math/MathML"
  xmlns:html="http://www.w3.org/1999/xhtml"  xmlns:db="http://docbook.org/ns/docbook">
<?dbhtml filename="FCReportGroup.html"?>
<title>Группа пользовательских отчетов</title>
	<section>
		<title xml:id="ObjectDesc">Описание объекта</title>
	    <para>Группа пользовательских отчетов модуля FLEXTERA "Финансовое ядро. Механизм отчетов"</para>
	</section>
	<section>
		<title xml:id="ObjectMethods">Методы</title>
	     <table border="1" width="1200">
	     <?dbhtml table-width="300" ?>
		<?dbfo table-width="300" ?>
	      	<tr>
				<td width="20%"><link linkend="dsFCReportGroupInsert">dsFCReportGroupInsert</link></td>
				<td>Добавление группы пользовательских отчетов</td>
	        </tr>
	      	<tr>
				<td width="20%"><link linkend="dsFCReportGroupUpdate">dsFCReportGroupUpdate</link></td>
				<td>Изменение группы пользовательских отчетов</td>
	        </tr>
	      	<tr>
				<td width="20%"><link linkend="dsFCReportGroupDelete">dsFCReportGroupDelete</link></td>
				<td>Удаление группы пользовательских отчетов</td>
	        </tr>
	      	<tr>
				<td width="20%"><link linkend="dsFCReportGroupFindByID">dsFCReportGroupFindByID</link></td>
				<td>Метод получения детальной информации о группе пользовательских отчетов</td>
	        </tr>
	      	<tr>
				<td width="20%"><link linkend="dsFCReportGroupBrowseListByParam">dsFCReportGroupBrowseListByParam</link></td>
				<td>Получение списка групп отчетов по параметрам</td>
	        </tr>
	    </table>
	</section>
</section>
