<?xml version="1.0" encoding="UTF-8"?>
<section version="5.0" xml:id="FCReport" xmlns="http://docbook.org/ns/docbook"
  xmlns:xlink="http://www.w3.org/1999/xlink"  xmlns:xi="http://www.w3.org/2001/XInclude"
  xmlns:svg="http://www.w3.org/2000/svg"  xmlns:m="http://www.w3.org/1998/Math/MathML"
  xmlns:html="http://www.w3.org/1999/xhtml"  xmlns:db="http://docbook.org/ns/docbook">
<?dbhtml filename="FCReport.html"?>
<title>Пользовательский отчет</title>
	<section>
		<title xml:id="ObjectDesc">Описание объекта</title>
	    <para>Настройки пользовательского отчета модуля FLEXTERA "Финансовое ядро. Механизм отчетов"</para>
	</section>
	<section>
		<title xml:id="ObjectMethods">Методы</title>
	     <table border="1" width="1200">
	     <?dbhtml table-width="300" ?>
		<?dbfo table-width="300" ?>
	      	<tr>
				<td width="20%"><link linkend="dsFCReportProcessExecuteBuilding">dsFCReportProcessExecuteBuilding</link></td>
				<td>Метод выполнения отчета</td>
	        </tr>
	      	<tr>
				<td width="20%"><link linkend="dsFCReportMassInsert">dsFCReportMassInsert</link></td>
				<td>Метод добавления пользовательских отчетов</td>
	        </tr>
	      	<tr>
				<td width="20%"><link linkend="dsFCReportDelete">dsFCReportDelete</link></td>
				<td>Метод удаления пользовательского отчета</td>
	        </tr>
	      	<tr>
				<td width="20%"><link linkend="dsFCReportUpdate">dsFCReportUpdate</link></td>
				<td>Метод обновления пользовательского отчета</td>
	        </tr>
	      	<tr>
				<td width="20%"><link linkend="dsFCReportBrowseListByParam">dsFCReportBrowseListByParam</link></td>
				<td>Метод получения основной информации по списку отчетов</td>
	        </tr>
	      	<tr>
				<td width="20%"><link linkend="dsFCReportFindByID">dsFCReportFindByID</link></td>
				<td>Получение информации о пользовательском отчете</td>
	        </tr>
	      	<tr>
				<td width="20%"><link linkend="dsFCReportBrowseListInstanceByParam">dsFCReportBrowseListInstanceByParam</link></td>
				<td>Метод получения информации об экземплярах запуска отчета</td>
	        </tr>
	      	<tr>
				<td width="20%"><link linkend="dsFCReportFindInputParameterListByReportID">dsFCReportFindInputParameterListByReportID</link></td>
				<td>Получение информации о входящих параметрах, необходимых для построения отчета</td>
	        </tr>
	      	<tr>
				<td width="20%"><link linkend="dsFCReportFindProtocolByInstanceID">dsFCReportFindProtocolByInstanceID</link></td>
				<td>Метод получения протокола</td>
	        </tr>
	      	<tr>
				<td width="20%"><link linkend="dsFCReportMassDeleteInstance">dsFCReportMassDeleteInstance</link></td>
				<td>Метод удаления экземпляров запуска отчетов</td>
	        </tr>
	    </table>
	</section>
</section>
