<web-app xmlns="http://geronimo.apache.org/xml/ns/j2ee/web-1.1"
	xmlns:naming="http://geronimo.apache.org/xml/ns/naming-1.1"
	xmlns:sec="http://geronimo.apache.org/xml/ns/security-1.1"
	xmlns:sys="http://geronimo.apache.org/xml/ns/deployment-1.1">
	<sys:environment>
	    <sys:moduleId>
            <sys:groupId>ru.diasoft.flextera.services</sys:groupId>
            <sys:artifactId>ftfcreportws</sys:artifactId>
            <sys:version>1.01.05</sys:version>
            <sys:type>war</sys:type>
        </sys:moduleId>
        <sys:hidden-classes>
			<sys:filter>org.apache.axis2.saaj</sys:filter>
		</sys:hidden-classes>
		<sys:inverse-classloading/>
	</sys:environment>
	<context-root>/ftfcreportws</context-root>
</web-app>