<?xml version="1.0" encoding="utf-8"?>
<data-map project-version="2.0">
	<query name="getReturnMsg" 
	       factory="org.apache.cayenne.map.SQLTemplateBuilder" 
	       root="data-map">
        <property name="cayenne.GenericSelectQuery.fetchingDataRows" value="true"/>
        <sql>
           <![CDATA[
DECLARE 
     @ReturnCode DSIDENTIFIER, 
     @ReturnMsg  DSMEMO
     
SELECT @ReturnCode = #bind($ReturnCode)

exec API_NTF_FindStdMessageByID 
 	@NotificationID = @ReturnCode,
 	@Message		 = @ReturnMsg out
 	
SELECT #result('@ReturnMsg' 'java.lang.String' 'ReturnMsg')
          ]]>
       </sql>
    </query>
    <query name="cleanPTable" 
           factory="org.apache.cayenne.map.SQLTemplateBuilder" 
           root="data-map">
        <property name="cayenne.GenericSelectQuery.fetchingDataRows" value="true"/>
        <sql><![CDATA[DELETE FROM $TABLE_NAME WHERE SPID=@@SPID]]></sql>
    </query>
    
        <query name="columnAliasCreate" factory="org.apache.cayenne.map.SQLTemplateBuilder" root="data-map"
            root-name="WSDomainMap">
        <property name="cayenne.GenericSelectQuery.fetchingDataRows" value="true"/>
        <sql><![CDATA[
INSERT INTO FCR_ColumnAliases (
	ParameterName,  
	ColumnName  
) VALUES (
	#bind($ParameterName 'VARCHAR'),  
	#bind($ColumnName 'VARCHAR')  
)
        ]]></sql>
    </query>
    
    <query name="columnAliasCreateGetListByParams" factory="org.apache.cayenne.map.SQLTemplateBuilder" root="data-map"
            root-name="WSDomainMap">
        <property name="cayenne.GenericSelectQuery.fetchingDataRows" value="true" />
        <sql><![CDATA[
SELECT 
	#result('t.ParameterName' , 'java.lang.String'   , 'ParameterName')  ,
	#result('t.ColumnName', 'java.lang.String', 'ColumnName')
FROM FCR_ColumnAliases t
#chain('AND' 'WHERE')
	#chunk($ParameterName) t.ParameterName LIKE #bind($ParameterName 'VARCHAR') #end
    #chunk($ColumnName) t.ColumnName LIKE #bind($ColumnName 'VARCHAR') #end	
#end
#chunk($ORDERBY) ORDER BY $ORDERBY #end
        ]]></sql>
    </query>
    
    <query name="columnAliasCreateGetListByParamsCount" factory="org.apache.cayenne.map.SQLTemplateBuilder" root="data-map"
            root-name="WSDomainMap">
        <property name="cayenne.GenericSelectQuery.fetchingDataRows" value="true" />
        <sql><![CDATA[
SELECT COUNT(t.ParameterName) 
FROM FCR_ColumnAliases t
#chain('AND' 'WHERE')
	#chunk($ParameterName) t.ParameterName LIKE #bind($ParameterName 'VARCHAR') #end
    #chunk($ColumnName) t.ColumnName LIKE #bind($ColumnName 'VARCHAR') #end	
#end
#chunk($ORDERBY) ORDER BY $ORDERBY #end
        ]]></sql>
    </query>
</data-map>