<?xml version="1.0" encoding="UTF-8"?>
<databaseChangeLog xmlns="http://www.liquibase.org/xml/ns/dbchangelog"
	xmlns:xsi="http://www.w3.org/2001/XMLSchema-instance"
	xsi:schemaLocation="http://www.liquibase.org/xml/ns/dbchangelog http://www.liquibase.org/xml/ns/dbchangelog/dbchangelog-2.0.xsd">
	<preConditions>
		<or>
			<dbms type="oracle" />
			<dbms type="mssql" />
			<dbms type="h2" />
			<dbms type="sybase" />
			<dbms type="db2" />
		</or>
	</preConditions>

	<include file="patch.1.01/_dirChangeLog.xml" />
</databaseChangeLog>
