<?xml version="1.0" encoding="UTF-8"?>
<databaseChangeLog xmlns="http://www.liquibase.org/xml/ns/dbchangelog/1.9" xmlns:xsi="http://www.w3.org/2001/XMLSchema-instance" xsi:schemaLocation="http://www.liquibase.org/xml/ns/dbchangelog/1.9 http://www.liquibase.org/xml/ns/dbchangelog/dbchangelog-1.9.xsd">
  <!--
/* Конвертор создан по заявке 14940.00
   удаление FCR_Protocol.MessageType, т.к. дублирует FCR_Reporthistory.ExecuteStatus
удаление лишних таблиц и индексов:
FCR_InMethodPrm
FCR_OutMethodPrm
FCR_Method
FCR_RepMethodLink

   Исходный код сгенерирован автоматически! Не изменять!!!

   Автор заявки   - САФОНОВ А.С.
   Дата генерации - 20/04/2015

   (C)opyright 2015, FLEXTERA
   All Rights Reserved
*/
-->
  <changeSet id="1.01.47.1" author="САФОНОВ А.С." runInTransaction="false">
    <preConditions onFail="MARK_RAN"><and><dbms type="oracle"/><not><sqlCheck expectedResult="1">select count(1) from user_tables where upper(table_name) = upper('tmpSessionVar')</sqlCheck></not></and></preConditions>
    <sql splitStatements="false">BEGIN
  execute immediate 'CREATE GLOBAL TEMPORARY TABLE tmpSessionVar(VarName VARCHAR2(255), VarValue VARCHAR2(255))ON COMMIT PRESERVE ROWS';
END;</sql>
  </changeSet>
  <changeSet id="1.01.47.2" author="САФОНОВ А.С." runInTransaction="false">
    <preConditions onFail="MARK_RAN"><and><dbms type="oracle"/></and></preConditions>
    <sql splitStatements="false">DECLARE
  v_recyclebin_val VARCHAR2(255) := '';
BEGIN
  SELECT value into v_recyclebin_val
    FROM v$parameter
   WHERE name = 'recyclebin';

  UPDATE tmpSessionVar
     SET VarValue = v_recyclebin_val
   WHERE UPPER(VarName) = UPPER('recyclebin');
  IF SQL%NOTFOUND THEN
    INSERT INTO tmpSessionVar (VarName, VarValue)
         VALUES ('recyclebin', v_recyclebin_val);
  END IF;
END;</sql>
  </changeSet>
  <changeSet id="1.01.47.3" author="САФОНОВ А.С." runInTransaction="false">
    <preConditions onFail="MARK_RAN"><and><or><dbms type="oracle"/><dbms type="db2"/></or><sqlCheck expectedResult="1">select count(1) from user_indexes where upper(index_name) = upper('K01_FCR_InMPrm')</sqlCheck></and></preConditions>
    <dropIndex indexName="K01_FCR_InMPrm" tableName="FCR_InMethodPrm"/>
  </changeSet>
  <changeSet id="1.01.47.4" author="САФОНОВ А.С." runInTransaction="false">
    <preConditions onFail="MARK_RAN"><and><or><dbms type="mssql"/><dbms type="sybase"/></or><sqlCheck expectedResult="1">select count(1) from sysindexes where upper(name) = upper('K01_FCR_InMPrm')</sqlCheck></and></preConditions>
    <dropIndex indexName="K01_FCR_InMPrm" tableName="FCR_InMethodPrm"/>
  </changeSet>
  <changeSet id="1.01.47.5" author="САФОНОВ А.С." runInTransaction="false">
    <preConditions onFail="MARK_RAN"><and><not><dbms type="oracle"/><dbms type="db2"/><dbms type="mssql"/><dbms type="sybase"/></not><indexExists indexName="K01_FCR_InMPrm"/></and></preConditions>
    <dropIndex indexName="K01_FCR_InMPrm" tableName="FCR_InMethodPrm"/>
  </changeSet>
  <changeSet id="1.01.47.6" author="САФОНОВ А.С." runInTransaction="false">
    <preConditions onFail="MARK_RAN"><and><dbms type="oracle"/><sqlCheck expectedResult="1">select count(1) from user_tables where upper(table_name) = upper('tmpSessionVar')</sqlCheck></and></preConditions>
    <sql splitStatements="false">DECLARE
  v_SQLStr         VARCHAR2(255) := '';
BEGIN
  SELECT 'ALTER SESSION SET recyclebin = ' || UPPER(VarValue) into v_SQLStr
    FROM tmpSessionVar
   WHERE VarName = 'recyclebin';

  execute immediate v_SQLStr;
EXCEPTION
  WHEN OTHERS THEN NULL;
END;</sql>
  </changeSet>
  <changeSet id="1.01.47.7" author="САФОНОВ А.С." runInTransaction="false">
    <preConditions onFail="MARK_RAN"><and><or><dbms type="oracle"/><dbms type="db2"/></or><sqlCheck expectedResult="1">select count(1) from user_indexes where upper(index_name) = upper('PK_FCR_InMthdPrm')</sqlCheck></and></preConditions>
    <dropIndex indexName="PK_FCR_InMthdPrm" tableName="FCR_InMethodPrm"/>
  </changeSet>
  <changeSet id="1.01.47.8" author="САФОНОВ А.С." runInTransaction="false">
    <preConditions onFail="MARK_RAN"><and><or><dbms type="mssql"/><dbms type="sybase"/></or><sqlCheck expectedResult="1">select count(1) from sysindexes where upper(name) = upper('PK_FCR_InMthdPrm')</sqlCheck></and></preConditions>
    <dropIndex indexName="PK_FCR_InMthdPrm" tableName="FCR_InMethodPrm"/>
  </changeSet>
  <changeSet id="1.01.47.9" author="САФОНОВ А.С." runInTransaction="false">
    <preConditions onFail="MARK_RAN"><and><not><dbms type="oracle"/><dbms type="db2"/><dbms type="mssql"/><dbms type="sybase"/></not><indexExists indexName="PK_FCR_InMthdPrm"/></and></preConditions>
    <dropIndex indexName="PK_FCR_InMthdPrm" tableName="FCR_InMethodPrm"/>
  </changeSet>
  <changeSet id="1.01.47.10" author="САФОНОВ А.С." runInTransaction="false">
    <preConditions onFail="MARK_RAN"><and><dbms type="oracle"/><sqlCheck expectedResult="1">select count(1) from user_tables where upper(table_name) = upper('tmpSessionVar')</sqlCheck></and></preConditions>
    <sql splitStatements="false">DECLARE
  v_SQLStr         VARCHAR2(255) := '';
BEGIN
  SELECT 'ALTER SESSION SET recyclebin = ' || UPPER(VarValue) into v_SQLStr
    FROM tmpSessionVar
   WHERE VarName = 'recyclebin';

  execute immediate v_SQLStr;
EXCEPTION
  WHEN OTHERS THEN NULL;
END;</sql>
  </changeSet>
  <changeSet id="1.01.47.11" author="САФОНОВ А.С." runInTransaction="false">
    <preConditions onFail="MARK_RAN"><and><dbms type="oracle"/></and></preConditions>
    <sql splitStatements="false">BEGIN
 EXECUTE IMMEDIATE 'ALTER SESSION SET recyclebin = OFF';
END;</sql>
  </changeSet>
  <changeSet id="1.01.47.12" author="САФОНОВ А.С." runInTransaction="false">
    <preConditions onFail="MARK_RAN"><and><or><dbms type="oracle"/><dbms type="db2"/></or><sqlCheck expectedResult="1">select count(1) from user_tables where upper(table_name) = upper('FCR_InMethodPrm')</sqlCheck></and></preConditions>
    <dropTable tableName="FCR_InMethodPrm"/>
  </changeSet>
  <changeSet id="1.01.47.13" author="САФОНОВ А.С." runInTransaction="false">
    <preConditions onFail="MARK_RAN"><and><or><dbms type="mssql"/><dbms type="sybase"/></or><sqlCheck expectedResult="1">select count(1) from sysobjects where upper(name) = upper('FCR_InMethodPrm')</sqlCheck></and></preConditions>
    <dropTable tableName="FCR_InMethodPrm"/>
  </changeSet>
  <changeSet id="1.01.47.14" author="САФОНОВ А.С." runInTransaction="false">
    <preConditions onFail="MARK_RAN"><and><not><dbms type="oracle"/><dbms type="db2"/><dbms type="mssql"/><dbms type="sybase"/></not><tableExists tableName="FCR_InMethodPrm"/></and></preConditions>
    <dropTable tableName="FCR_InMethodPrm"/>
  </changeSet>
  <changeSet id="1.01.47.15" author="САФОНОВ А.С." runInTransaction="false">
    <preConditions onFail="MARK_RAN"><and><dbms type="oracle"/><sqlCheck expectedResult="1">select count(1) from user_tables where upper(table_name) = upper('tmpSessionVar')</sqlCheck></and></preConditions>
    <sql splitStatements="false">DECLARE
  v_SQLStr         VARCHAR2(255) := '';
BEGIN
  SELECT 'ALTER SESSION SET recyclebin = ' || UPPER(VarValue) into v_SQLStr
    FROM tmpSessionVar
   WHERE VarName = 'recyclebin';

  execute immediate v_SQLStr;
EXCEPTION
  WHEN OTHERS THEN NULL;
END;</sql>
  </changeSet>
  <changeSet id="1.01.47.16" author="САФОНОВ А.С." runInTransaction="false">
    <preConditions onFail="MARK_RAN"><and><dbms type="oracle"/><sqlCheck expectedResult="1">select count(1) from user_tables where upper(table_name) = upper('tmpSessionVar')</sqlCheck></and></preConditions>
    <sql splitStatements="false">DECLARE
  v_SQLStr         VARCHAR2(255) := '';
BEGIN
  SELECT 'ALTER SESSION SET recyclebin = ' || UPPER(VarValue) into v_SQLStr
    FROM tmpSessionVar
   WHERE VarName = 'recyclebin';

  execute immediate v_SQLStr;
EXCEPTION
  WHEN OTHERS THEN NULL;
END;</sql>
  </changeSet>
  <changeSet id="1.01.47.17" author="САФОНОВ А.С." runInTransaction="false">
    <preConditions onFail="MARK_RAN"><and><or><dbms type="oracle"/><dbms type="db2"/></or><sqlCheck expectedResult="1">select count(1) from user_indexes where upper(index_name) = upper('K01_FCR_OutMPrm')</sqlCheck></and></preConditions>
    <dropIndex indexName="K01_FCR_OutMPrm" tableName="FCR_OutMethodPrm"/>
  </changeSet>
  <changeSet id="1.01.47.18" author="САФОНОВ А.С." runInTransaction="false">
    <preConditions onFail="MARK_RAN"><and><or><dbms type="mssql"/><dbms type="sybase"/></or><sqlCheck expectedResult="1">select count(1) from sysindexes where upper(name) = upper('K01_FCR_OutMPrm')</sqlCheck></and></preConditions>
    <dropIndex indexName="K01_FCR_OutMPrm" tableName="FCR_OutMethodPrm"/>
  </changeSet>
  <changeSet id="1.01.47.19" author="САФОНОВ А.С." runInTransaction="false">
    <preConditions onFail="MARK_RAN"><and><not><dbms type="oracle"/><dbms type="db2"/><dbms type="mssql"/><dbms type="sybase"/></not><indexExists indexName="K01_FCR_OutMPrm"/></and></preConditions>
    <dropIndex indexName="K01_FCR_OutMPrm" tableName="FCR_OutMethodPrm"/>
  </changeSet>
  <changeSet id="1.01.47.20" author="САФОНОВ А.С." runInTransaction="false">
    <preConditions onFail="MARK_RAN"><and><dbms type="oracle"/><sqlCheck expectedResult="1">select count(1) from user_tables where upper(table_name) = upper('tmpSessionVar')</sqlCheck></and></preConditions>
    <sql splitStatements="false">DECLARE
  v_SQLStr         VARCHAR2(255) := '';
BEGIN
  SELECT 'ALTER SESSION SET recyclebin = ' || UPPER(VarValue) into v_SQLStr
    FROM tmpSessionVar
   WHERE VarName = 'recyclebin';

  execute immediate v_SQLStr;
EXCEPTION
  WHEN OTHERS THEN NULL;
END;</sql>
  </changeSet>
  <changeSet id="1.01.47.21" author="САФОНОВ А.С." runInTransaction="false">
    <preConditions onFail="MARK_RAN"><and><or><dbms type="oracle"/><dbms type="db2"/></or><sqlCheck expectedResult="1">select count(1) from user_indexes where upper(index_name) = upper('PK_FCR_OutMthdPrm')</sqlCheck></and></preConditions>
    <dropIndex indexName="PK_FCR_OutMthdPrm" tableName="FCR_OutMethodPrm"/>
  </changeSet>
  <changeSet id="1.01.47.22" author="САФОНОВ А.С." runInTransaction="false">
    <preConditions onFail="MARK_RAN"><and><or><dbms type="mssql"/><dbms type="sybase"/></or><sqlCheck expectedResult="1">select count(1) from sysindexes where upper(name) = upper('PK_FCR_OutMthdPrm')</sqlCheck></and></preConditions>
    <dropIndex indexName="PK_FCR_OutMthdPrm" tableName="FCR_OutMethodPrm"/>
  </changeSet>
  <changeSet id="1.01.47.23" author="САФОНОВ А.С." runInTransaction="false">
    <preConditions onFail="MARK_RAN"><and><not><dbms type="oracle"/><dbms type="db2"/><dbms type="mssql"/><dbms type="sybase"/></not><indexExists indexName="PK_FCR_OutMthdPrm"/></and></preConditions>
    <dropIndex indexName="PK_FCR_OutMthdPrm" tableName="FCR_OutMethodPrm"/>
  </changeSet>
  <changeSet id="1.01.47.24" author="САФОНОВ А.С." runInTransaction="false">
    <preConditions onFail="MARK_RAN"><and><dbms type="oracle"/><sqlCheck expectedResult="1">select count(1) from user_tables where upper(table_name) = upper('tmpSessionVar')</sqlCheck></and></preConditions>
    <sql splitStatements="false">DECLARE
  v_SQLStr         VARCHAR2(255) := '';
BEGIN
  SELECT 'ALTER SESSION SET recyclebin = ' || UPPER(VarValue) into v_SQLStr
    FROM tmpSessionVar
   WHERE VarName = 'recyclebin';

  execute immediate v_SQLStr;
EXCEPTION
  WHEN OTHERS THEN NULL;
END;</sql>
  </changeSet>
  <changeSet id="1.01.47.25" author="САФОНОВ А.С." runInTransaction="false">
    <preConditions onFail="MARK_RAN"><and><dbms type="oracle"/></and></preConditions>
    <sql splitStatements="false">BEGIN
 EXECUTE IMMEDIATE 'ALTER SESSION SET recyclebin = OFF';
END;</sql>
  </changeSet>
  <changeSet id="1.01.47.26" author="САФОНОВ А.С." runInTransaction="false">
    <preConditions onFail="MARK_RAN"><and><or><dbms type="oracle"/><dbms type="db2"/></or><sqlCheck expectedResult="1">select count(1) from user_tables where upper(table_name) = upper('FCR_OutMethodPrm')</sqlCheck></and></preConditions>
    <dropTable tableName="FCR_OutMethodPrm"/>
  </changeSet>
  <changeSet id="1.01.47.27" author="САФОНОВ А.С." runInTransaction="false">
    <preConditions onFail="MARK_RAN"><and><or><dbms type="mssql"/><dbms type="sybase"/></or><sqlCheck expectedResult="1">select count(1) from sysobjects where upper(name) = upper('FCR_OutMethodPrm')</sqlCheck></and></preConditions>
    <dropTable tableName="FCR_OutMethodPrm"/>
  </changeSet>
  <changeSet id="1.01.47.28" author="САФОНОВ А.С." runInTransaction="false">
    <preConditions onFail="MARK_RAN"><and><not><dbms type="oracle"/><dbms type="db2"/><dbms type="mssql"/><dbms type="sybase"/></not><tableExists tableName="FCR_OutMethodPrm"/></and></preConditions>
    <dropTable tableName="FCR_OutMethodPrm"/>
  </changeSet>
  <changeSet id="1.01.47.29" author="САФОНОВ А.С." runInTransaction="false">
    <preConditions onFail="MARK_RAN"><and><dbms type="oracle"/><sqlCheck expectedResult="1">select count(1) from user_tables where upper(table_name) = upper('tmpSessionVar')</sqlCheck></and></preConditions>
    <sql splitStatements="false">DECLARE
  v_SQLStr         VARCHAR2(255) := '';
BEGIN
  SELECT 'ALTER SESSION SET recyclebin = ' || UPPER(VarValue) into v_SQLStr
    FROM tmpSessionVar
   WHERE VarName = 'recyclebin';

  execute immediate v_SQLStr;
EXCEPTION
  WHEN OTHERS THEN NULL;
END;</sql>
  </changeSet>
  <changeSet id="1.01.47.30" author="САФОНОВ А.С." runInTransaction="false">
    <preConditions onFail="MARK_RAN"><and><dbms type="oracle"/><sqlCheck expectedResult="1">select count(1) from user_tables where upper(table_name) = upper('tmpSessionVar')</sqlCheck></and></preConditions>
    <sql splitStatements="false">DECLARE
  v_SQLStr         VARCHAR2(255) := '';
BEGIN
  SELECT 'ALTER SESSION SET recyclebin = ' || UPPER(VarValue) into v_SQLStr
    FROM tmpSessionVar
   WHERE VarName = 'recyclebin';

  execute immediate v_SQLStr;
EXCEPTION
  WHEN OTHERS THEN NULL;
END;</sql>
  </changeSet>
  <changeSet id="1.01.47.31" author="САФОНОВ А.С." runInTransaction="false">
    <preConditions onFail="MARK_RAN"><and><or><dbms type="oracle"/><dbms type="db2"/></or><sqlCheck expectedResult="1">select count(1) from user_indexes where upper(index_name) = upper('K01_FCR_RepMLink')</sqlCheck></and></preConditions>
    <dropIndex indexName="K01_FCR_RepMLink" tableName="FCR_RepMethodLink"/>
  </changeSet>
  <changeSet id="1.01.47.32" author="САФОНОВ А.С." runInTransaction="false">
    <preConditions onFail="MARK_RAN"><and><or><dbms type="mssql"/><dbms type="sybase"/></or><sqlCheck expectedResult="1">select count(1) from sysindexes where upper(name) = upper('K01_FCR_RepMLink')</sqlCheck></and></preConditions>
    <dropIndex indexName="K01_FCR_RepMLink" tableName="FCR_RepMethodLink"/>
  </changeSet>
  <changeSet id="1.01.47.33" author="САФОНОВ А.С." runInTransaction="false">
    <preConditions onFail="MARK_RAN"><and><not><dbms type="oracle"/><dbms type="db2"/><dbms type="mssql"/><dbms type="sybase"/></not><indexExists indexName="K01_FCR_RepMLink"/></and></preConditions>
    <dropIndex indexName="K01_FCR_RepMLink" tableName="FCR_RepMethodLink"/>
  </changeSet>
  <changeSet id="1.01.47.34" author="САФОНОВ А.С." runInTransaction="false">
    <preConditions onFail="MARK_RAN"><and><dbms type="oracle"/><sqlCheck expectedResult="1">select count(1) from user_tables where upper(table_name) = upper('tmpSessionVar')</sqlCheck></and></preConditions>
    <sql splitStatements="false">DECLARE
  v_SQLStr         VARCHAR2(255) := '';
BEGIN
  SELECT 'ALTER SESSION SET recyclebin = ' || UPPER(VarValue) into v_SQLStr
    FROM tmpSessionVar
   WHERE VarName = 'recyclebin';

  execute immediate v_SQLStr;
EXCEPTION
  WHEN OTHERS THEN NULL;
END;</sql>
  </changeSet>
  <changeSet id="1.01.47.35" author="САФОНОВ А.С." runInTransaction="false">
    <preConditions onFail="MARK_RAN"><and><or><dbms type="oracle"/><dbms type="db2"/></or><sqlCheck expectedResult="1">select count(1) from user_indexes where upper(index_name) = upper('K02_FCR_RepMLink')</sqlCheck></and></preConditions>
    <dropIndex indexName="K02_FCR_RepMLink" tableName="FCR_RepMethodLink"/>
  </changeSet>
  <changeSet id="1.01.47.36" author="САФОНОВ А.С." runInTransaction="false">
    <preConditions onFail="MARK_RAN"><and><or><dbms type="mssql"/><dbms type="sybase"/></or><sqlCheck expectedResult="1">select count(1) from sysindexes where upper(name) = upper('K02_FCR_RepMLink')</sqlCheck></and></preConditions>
    <dropIndex indexName="K02_FCR_RepMLink" tableName="FCR_RepMethodLink"/>
  </changeSet>
  <changeSet id="1.01.47.37" author="САФОНОВ А.С." runInTransaction="false">
    <preConditions onFail="MARK_RAN"><and><not><dbms type="oracle"/><dbms type="db2"/><dbms type="mssql"/><dbms type="sybase"/></not><indexExists indexName="K02_FCR_RepMLink"/></and></preConditions>
    <dropIndex indexName="K02_FCR_RepMLink" tableName="FCR_RepMethodLink"/>
  </changeSet>
  <changeSet id="1.01.47.38" author="САФОНОВ А.С." runInTransaction="false">
    <preConditions onFail="MARK_RAN"><and><dbms type="oracle"/><sqlCheck expectedResult="1">select count(1) from user_tables where upper(table_name) = upper('tmpSessionVar')</sqlCheck></and></preConditions>
    <sql splitStatements="false">DECLARE
  v_SQLStr         VARCHAR2(255) := '';
BEGIN
  SELECT 'ALTER SESSION SET recyclebin = ' || UPPER(VarValue) into v_SQLStr
    FROM tmpSessionVar
   WHERE VarName = 'recyclebin';

  execute immediate v_SQLStr;
EXCEPTION
  WHEN OTHERS THEN NULL;
END;</sql>
  </changeSet>
  <changeSet id="1.01.47.39" author="САФОНОВ А.С." runInTransaction="false">
    <preConditions onFail="MARK_RAN"><and><or><dbms type="oracle"/><dbms type="db2"/></or><sqlCheck expectedResult="1">select count(1) from user_indexes where upper(index_name) = upper('PK_FCR_RepMthdLink')</sqlCheck></and></preConditions>
    <dropIndex indexName="PK_FCR_RepMthdLink" tableName="FCR_RepMethodLink"/>
  </changeSet>
  <changeSet id="1.01.47.40" author="САФОНОВ А.С." runInTransaction="false">
    <preConditions onFail="MARK_RAN"><and><or><dbms type="mssql"/><dbms type="sybase"/></or><sqlCheck expectedResult="1">select count(1) from sysindexes where upper(name) = upper('PK_FCR_RepMthdLink')</sqlCheck></and></preConditions>
    <dropIndex indexName="PK_FCR_RepMthdLink" tableName="FCR_RepMethodLink"/>
  </changeSet>
  <changeSet id="1.01.47.41" author="САФОНОВ А.С." runInTransaction="false">
    <preConditions onFail="MARK_RAN"><and><not><dbms type="oracle"/><dbms type="db2"/><dbms type="mssql"/><dbms type="sybase"/></not><indexExists indexName="PK_FCR_RepMthdLink"/></and></preConditions>
    <dropIndex indexName="PK_FCR_RepMthdLink" tableName="FCR_RepMethodLink"/>
  </changeSet>
  <changeSet id="1.01.47.42" author="САФОНОВ А.С." runInTransaction="false">
    <preConditions onFail="MARK_RAN"><and><dbms type="oracle"/><sqlCheck expectedResult="1">select count(1) from user_tables where upper(table_name) = upper('tmpSessionVar')</sqlCheck></and></preConditions>
    <sql splitStatements="false">DECLARE
  v_SQLStr         VARCHAR2(255) := '';
BEGIN
  SELECT 'ALTER SESSION SET recyclebin = ' || UPPER(VarValue) into v_SQLStr
    FROM tmpSessionVar
   WHERE VarName = 'recyclebin';

  execute immediate v_SQLStr;
EXCEPTION
  WHEN OTHERS THEN NULL;
END;</sql>
  </changeSet>
  <changeSet id="1.01.47.43" author="САФОНОВ А.С." runInTransaction="false">
    <preConditions onFail="MARK_RAN"><and><dbms type="oracle"/></and></preConditions>
    <sql splitStatements="false">BEGIN
 EXECUTE IMMEDIATE 'ALTER SESSION SET recyclebin = OFF';
END;</sql>
  </changeSet>
  <changeSet id="1.01.47.44" author="САФОНОВ А.С." runInTransaction="false">
    <preConditions onFail="MARK_RAN"><and><or><dbms type="oracle"/><dbms type="db2"/></or><sqlCheck expectedResult="1">select count(1) from user_tables where upper(table_name) = upper('FCR_RepMethodLink')</sqlCheck></and></preConditions>
    <dropTable tableName="FCR_RepMethodLink"/>
  </changeSet>
  <changeSet id="1.01.47.45" author="САФОНОВ А.С." runInTransaction="false">
    <preConditions onFail="MARK_RAN"><and><or><dbms type="mssql"/><dbms type="sybase"/></or><sqlCheck expectedResult="1">select count(1) from sysobjects where upper(name) = upper('FCR_RepMethodLink')</sqlCheck></and></preConditions>
    <dropTable tableName="FCR_RepMethodLink"/>
  </changeSet>
  <changeSet id="1.01.47.46" author="САФОНОВ А.С." runInTransaction="false">
    <preConditions onFail="MARK_RAN"><and><not><dbms type="oracle"/><dbms type="db2"/><dbms type="mssql"/><dbms type="sybase"/></not><tableExists tableName="FCR_RepMethodLink"/></and></preConditions>
    <dropTable tableName="FCR_RepMethodLink"/>
  </changeSet>
  <changeSet id="1.01.47.47" author="САФОНОВ А.С." runInTransaction="false">
    <preConditions onFail="MARK_RAN"><and><dbms type="oracle"/><sqlCheck expectedResult="1">select count(1) from user_tables where upper(table_name) = upper('tmpSessionVar')</sqlCheck></and></preConditions>
    <sql splitStatements="false">DECLARE
  v_SQLStr         VARCHAR2(255) := '';
BEGIN
  SELECT 'ALTER SESSION SET recyclebin = ' || UPPER(VarValue) into v_SQLStr
    FROM tmpSessionVar
   WHERE VarName = 'recyclebin';

  execute immediate v_SQLStr;
EXCEPTION
  WHEN OTHERS THEN NULL;
END;</sql>
  </changeSet>
  <changeSet id="1.01.47.48" author="САФОНОВ А.С." runInTransaction="false">
    <preConditions onFail="MARK_RAN"><and><dbms type="oracle"/><sqlCheck expectedResult="1">select count(1) from user_tables where upper(table_name) = upper('tmpSessionVar')</sqlCheck></and></preConditions>
    <sql splitStatements="false">DECLARE
  v_SQLStr         VARCHAR2(255) := '';
BEGIN
  SELECT 'ALTER SESSION SET recyclebin = ' || UPPER(VarValue) into v_SQLStr
    FROM tmpSessionVar
   WHERE VarName = 'recyclebin';

  execute immediate v_SQLStr;
EXCEPTION
  WHEN OTHERS THEN NULL;
END;</sql>
  </changeSet>
  <changeSet id="1.01.47.49" author="САФОНОВ А.С." runInTransaction="false">
    <preConditions onFail="MARK_RAN"><and><or><dbms type="oracle"/><dbms type="db2"/></or><sqlCheck expectedResult="1">select count(1) from user_indexes where upper(index_name) = upper('K01_FCR_METHOD')</sqlCheck></and></preConditions>
    <dropIndex indexName="K01_FCR_METHOD" tableName="FCR_Method"/>
  </changeSet>
  <changeSet id="1.01.47.50" author="САФОНОВ А.С." runInTransaction="false">
    <preConditions onFail="MARK_RAN"><and><or><dbms type="mssql"/><dbms type="sybase"/></or><sqlCheck expectedResult="1">select count(1) from sysindexes where upper(name) = upper('K01_FCR_METHOD')</sqlCheck></and></preConditions>
    <dropIndex indexName="K01_FCR_METHOD" tableName="FCR_Method"/>
  </changeSet>
  <changeSet id="1.01.47.51" author="САФОНОВ А.С." runInTransaction="false">
    <preConditions onFail="MARK_RAN"><and><not><dbms type="oracle"/><dbms type="db2"/><dbms type="mssql"/><dbms type="sybase"/></not><indexExists indexName="K01_FCR_METHOD"/></and></preConditions>
    <dropIndex indexName="K01_FCR_METHOD" tableName="FCR_Method"/>
  </changeSet>
  <changeSet id="1.01.47.52" author="САФОНОВ А.С." runInTransaction="false">
    <preConditions onFail="MARK_RAN"><and><dbms type="oracle"/><sqlCheck expectedResult="1">select count(1) from user_tables where upper(table_name) = upper('tmpSessionVar')</sqlCheck></and></preConditions>
    <sql splitStatements="false">DECLARE
  v_SQLStr         VARCHAR2(255) := '';
BEGIN
  SELECT 'ALTER SESSION SET recyclebin = ' || UPPER(VarValue) into v_SQLStr
    FROM tmpSessionVar
   WHERE VarName = 'recyclebin';

  execute immediate v_SQLStr;
EXCEPTION
  WHEN OTHERS THEN NULL;
END;</sql>
  </changeSet>
  <changeSet id="1.01.47.53" author="САФОНОВ А.С." runInTransaction="false">
    <preConditions onFail="MARK_RAN"><and><or><dbms type="oracle"/><dbms type="db2"/></or><sqlCheck expectedResult="1">select count(1) from user_indexes where upper(index_name) = upper('PK_FCR_Method')</sqlCheck></and></preConditions>
    <dropIndex indexName="PK_FCR_Method" tableName="FCR_Method"/>
  </changeSet>
  <changeSet id="1.01.47.54" author="САФОНОВ А.С." runInTransaction="false">
    <preConditions onFail="MARK_RAN"><and><or><dbms type="mssql"/><dbms type="sybase"/></or><sqlCheck expectedResult="1">select count(1) from sysindexes where upper(name) = upper('PK_FCR_Method')</sqlCheck></and></preConditions>
    <dropIndex indexName="PK_FCR_Method" tableName="FCR_Method"/>
  </changeSet>
  <changeSet id="1.01.47.55" author="САФОНОВ А.С." runInTransaction="false">
    <preConditions onFail="MARK_RAN"><and><not><dbms type="oracle"/><dbms type="db2"/><dbms type="mssql"/><dbms type="sybase"/></not><indexExists indexName="PK_FCR_Method"/></and></preConditions>
    <dropIndex indexName="PK_FCR_Method" tableName="FCR_Method"/>
  </changeSet>
  <changeSet id="1.01.47.56" author="САФОНОВ А.С." runInTransaction="false">
    <preConditions onFail="MARK_RAN"><and><dbms type="oracle"/><sqlCheck expectedResult="1">select count(1) from user_tables where upper(table_name) = upper('tmpSessionVar')</sqlCheck></and></preConditions>
    <sql splitStatements="false">DECLARE
  v_SQLStr         VARCHAR2(255) := '';
BEGIN
  SELECT 'ALTER SESSION SET recyclebin = ' || UPPER(VarValue) into v_SQLStr
    FROM tmpSessionVar
   WHERE VarName = 'recyclebin';

  execute immediate v_SQLStr;
EXCEPTION
  WHEN OTHERS THEN NULL;
END;</sql>
  </changeSet>
  <changeSet id="1.01.47.57" author="САФОНОВ А.С." runInTransaction="false">
    <preConditions onFail="MARK_RAN"><and><dbms type="oracle"/></and></preConditions>
    <sql splitStatements="false">BEGIN
 EXECUTE IMMEDIATE 'ALTER SESSION SET recyclebin = OFF';
END;</sql>
  </changeSet>
  <changeSet id="1.01.47.58" author="САФОНОВ А.С." runInTransaction="false">
    <preConditions onFail="MARK_RAN"><and><or><dbms type="oracle"/><dbms type="db2"/></or><sqlCheck expectedResult="1">select count(1) from user_tables where upper(table_name) = upper('FCR_Method')</sqlCheck></and></preConditions>
    <dropTable tableName="FCR_Method"/>
  </changeSet>
  <changeSet id="1.01.47.59" author="САФОНОВ А.С." runInTransaction="false">
    <preConditions onFail="MARK_RAN"><and><or><dbms type="mssql"/><dbms type="sybase"/></or><sqlCheck expectedResult="1">select count(1) from sysobjects where upper(name) = upper('FCR_Method')</sqlCheck></and></preConditions>
    <dropTable tableName="FCR_Method"/>
  </changeSet>
  <changeSet id="1.01.47.60" author="САФОНОВ А.С." runInTransaction="false">
    <preConditions onFail="MARK_RAN"><and><not><dbms type="oracle"/><dbms type="db2"/><dbms type="mssql"/><dbms type="sybase"/></not><tableExists tableName="FCR_Method"/></and></preConditions>
    <dropTable tableName="FCR_Method"/>
  </changeSet>
  <changeSet id="1.01.47.61" author="САФОНОВ А.С." runInTransaction="false">
    <preConditions onFail="MARK_RAN"><and><dbms type="oracle"/><sqlCheck expectedResult="1">select count(1) from user_tables where upper(table_name) = upper('tmpSessionVar')</sqlCheck></and></preConditions>
    <sql splitStatements="false">DECLARE
  v_SQLStr         VARCHAR2(255) := '';
BEGIN
  SELECT 'ALTER SESSION SET recyclebin = ' || UPPER(VarValue) into v_SQLStr
    FROM tmpSessionVar
   WHERE VarName = 'recyclebin';

  execute immediate v_SQLStr;
EXCEPTION
  WHEN OTHERS THEN NULL;
END;</sql>
  </changeSet>
  <changeSet id="1.01.47.62" author="САФОНОВ А.С." runInTransaction="false">
    <preConditions onFail="MARK_RAN"><and><dbms type="oracle"/><sqlCheck expectedResult="1">select count(1) from user_tables where upper(table_name) = upper('tmpSessionVar')</sqlCheck></and></preConditions>
    <sql splitStatements="false">DECLARE
  v_SQLStr         VARCHAR2(255) := '';
BEGIN
  SELECT 'ALTER SESSION SET recyclebin = ' || UPPER(VarValue) into v_SQLStr
    FROM tmpSessionVar
   WHERE VarName = 'recyclebin';

  execute immediate v_SQLStr;
EXCEPTION
  WHEN OTHERS THEN NULL;
END;</sql>
  </changeSet>
</databaseChangeLog>
