<?xml version="1.0" encoding="UTF-8"?>
<databaseChangeLog xmlns="http://www.liquibase.org/xml/ns/dbchangelog/1.9" xmlns:xsi="http://www.w3.org/2001/XMLSchema-instance" xsi:schemaLocation="http://www.liquibase.org/xml/ns/dbchangelog/1.9 http://www.liquibase.org/xml/ns/dbchangelog/dbchangelog-1.9.xsd">
  <!--
/* Конвертор создан по заявке 14900.00
   Создание структуры таблиц для продукта FTFCReport

   Исходный код сгенерирован автоматически! Не изменять!!!

   Автор заявки   - ЛЕХАНОВ Д.Н.
   Дата генерации - 31/03/2015

   (C)opyright 2015, FLEXTERA
   All Rights Reserved
*/
-->
  <changeSet id="1.01.44.1" author="ЛЕХАНОВ Д.Н." runInTransaction="false">
    <preConditions onFail="MARK_RAN"><and><dbms type="oracle"/><not><sqlCheck expectedResult="1">select count(1) from user_tables where upper(table_name) = upper('tmpSessionVar')</sqlCheck></not></and></preConditions>
    <sql splitStatements="false">BEGIN
  execute immediate 'CREATE GLOBAL TEMPORARY TABLE tmpSessionVar(VarName VARCHAR2(255), VarValue VARCHAR2(255))ON COMMIT PRESERVE ROWS';
END;</sql>
  </changeSet>
  <changeSet id="1.01.44.2" author="ЛЕХАНОВ Д.Н." runInTransaction="false">
    <preConditions onFail="MARK_RAN"><and><dbms type="oracle"/></and></preConditions>
    <sql splitStatements="false">DECLARE
  v_recyclebin_val VARCHAR2(255) := '';
BEGIN
  SELECT value into v_recyclebin_val
    FROM v$parameter
   WHERE name = 'recyclebin';

  UPDATE tmpSessionVar
     SET VarValue = v_recyclebin_val
   WHERE UPPER(VarName) = UPPER('recyclebin');
  IF SQL%NOTFOUND THEN
    INSERT INTO tmpSessionVar (VarName, VarValue)
         VALUES ('recyclebin', v_recyclebin_val);
  END IF;
END;</sql>
  </changeSet>
  <changeSet id="1.01.44.3" author="ЛЕХАНОВ Д.Н." runInTransaction="false">
    <preConditions onFail="MARK_RAN"><and><or><dbms type="oracle"/><dbms type="db2"/></or><not><sqlCheck expectedResult="1">select count(1) from user_tables where upper(table_name) = upper('FCR_Report')</sqlCheck></not></and></preConditions>
    <createTable tableName="FCR_Report">
      <column name="ReportID" type="NUMERIC(19, 0)" defaultValueNumeric="0" remarks="Уникальный идентификатор таблицы FCR_Report" autoIncrement="false">
        <constraints nullable="false"/>
      </column>
      <column name="ReportSysname" type="VARCHAR(255)" defaultValue=" " remarks="Системное наименование отчета" autoIncrement="false">
        <constraints nullable="false"/>
      </column>
      <column name="ReportName" type="VARCHAR(255)" defaultValue=" " remarks="Наименование отчета" autoIncrement="false">
        <constraints nullable="false"/>
      </column>
      <column name="UserLogin" type="VARCHAR(255)" defaultValue=" " remarks="Логин пользователя создавшего отчет" autoIncrement="false">
        <constraints nullable="false"/>
      </column>
      <column name="TemplateName" type="VARCHAR(255)" defaultValue=" " remarks="Наименование файла шаблона отчета" autoIncrement="false">
        <constraints nullable="false"/>
      </column>
      <column name="FileFormat" type="SMALLINT" defaultValueNumeric="0" remarks="Формат файла, в котором будет сохранен отчет. Возможные значения: 1 - xml (по умолчанию); 2 - pdf; 3 - rtf." autoIncrement="false">
        <constraints nullable="false"/>
      </column>
      <column name="DeleteDataFlag" type="SMALLINT" defaultValueNumeric="0" remarks="Флаг удаления данных, загруженных для экземпляра отчета (0 - не удалять данные, 1 - удалять данные)" autoIncrement="false">
        <constraints nullable="false"/>
      </column>
    </createTable>
  </changeSet>
  <changeSet id="1.01.44.4" author="ЛЕХАНОВ Д.Н." runInTransaction="false">
    <preConditions onFail="MARK_RAN"><and><or><dbms type="mssql"/><dbms type="sybase"/></or><not><sqlCheck expectedResult="1">select count(1) from sysobjects where upper(name) = upper('FCR_Report')</sqlCheck></not></and></preConditions>
    <createTable tableName="FCR_Report">
      <column name="ReportID" type="NUMERIC(19, 0)" defaultValueNumeric="0" remarks="Уникальный идентификатор таблицы FCR_Report" autoIncrement="false">
        <constraints nullable="false"/>
      </column>
      <column name="ReportSysname" type="VARCHAR(255)" defaultValue=" " remarks="Системное наименование отчета" autoIncrement="false">
        <constraints nullable="false"/>
      </column>
      <column name="ReportName" type="VARCHAR(255)" defaultValue=" " remarks="Наименование отчета" autoIncrement="false">
        <constraints nullable="false"/>
      </column>
      <column name="UserLogin" type="VARCHAR(255)" defaultValue=" " remarks="Логин пользователя создавшего отчет" autoIncrement="false">
        <constraints nullable="false"/>
      </column>
      <column name="TemplateName" type="VARCHAR(255)" defaultValue=" " remarks="Наименование файла шаблона отчета" autoIncrement="false">
        <constraints nullable="false"/>
      </column>
      <column name="FileFormat" type="SMALLINT" defaultValueNumeric="0" remarks="Формат файла, в котором будет сохранен отчет. Возможные значения: 1 - xml (по умолчанию); 2 - pdf; 3 - rtf." autoIncrement="false">
        <constraints nullable="false"/>
      </column>
      <column name="DeleteDataFlag" type="SMALLINT" defaultValueNumeric="0" remarks="Флаг удаления данных, загруженных для экземпляра отчета (0 - не удалять данные, 1 - удалять данные)" autoIncrement="false">
        <constraints nullable="false"/>
      </column>
    </createTable>
  </changeSet>
  <changeSet id="1.01.44.5" author="ЛЕХАНОВ Д.Н." runInTransaction="false">
    <preConditions onFail="MARK_RAN"><and><not><dbms type="oracle"/><dbms type="db2"/><dbms type="mssql"/><dbms type="sybase"/></not><not><tableExists tableName="FCR_Report"/></not></and></preConditions>
    <createTable tableName="FCR_Report">
      <column name="ReportID" type="NUMERIC(19, 0)" defaultValueNumeric="0" remarks="Уникальный идентификатор таблицы FCR_Report" autoIncrement="false">
        <constraints nullable="false"/>
      </column>
      <column name="ReportSysname" type="VARCHAR(255)" defaultValue=" " remarks="Системное наименование отчета" autoIncrement="false">
        <constraints nullable="false"/>
      </column>
      <column name="ReportName" type="VARCHAR(255)" defaultValue=" " remarks="Наименование отчета" autoIncrement="false">
        <constraints nullable="false"/>
      </column>
      <column name="UserLogin" type="VARCHAR(255)" defaultValue=" " remarks="Логин пользователя создавшего отчет" autoIncrement="false">
        <constraints nullable="false"/>
      </column>
      <column name="TemplateName" type="VARCHAR(255)" defaultValue=" " remarks="Наименование файла шаблона отчета" autoIncrement="false">
        <constraints nullable="false"/>
      </column>
      <column name="FileFormat" type="SMALLINT" defaultValueNumeric="0" remarks="Формат файла, в котором будет сохранен отчет. Возможные значения: 1 - xml (по умолчанию); 2 - pdf; 3 - rtf." autoIncrement="false">
        <constraints nullable="false"/>
      </column>
      <column name="DeleteDataFlag" type="SMALLINT" defaultValueNumeric="0" remarks="Флаг удаления данных, загруженных для экземпляра отчета (0 - не удалять данные, 1 - удалять данные)" autoIncrement="false">
        <constraints nullable="false"/>
      </column>
    </createTable>
  </changeSet>
  <changeSet id="1.01.44.6" author="ЛЕХАНОВ Д.Н." runInTransaction="false">
    <preConditions onFail="MARK_RAN"><and><dbms type="oracle"/><sqlCheck expectedResult="1">select count(1) from user_tables where upper(table_name) = upper('tmpSessionVar')</sqlCheck></and></preConditions>
    <sql splitStatements="false">DECLARE
  v_SQLStr         VARCHAR2(255) := '';
BEGIN
  SELECT 'ALTER SESSION SET recyclebin = ' || UPPER(VarValue) into v_SQLStr
    FROM tmpSessionVar
   WHERE VarName = 'recyclebin';

  execute immediate v_SQLStr;
EXCEPTION
  WHEN OTHERS THEN NULL;
END;</sql>
  </changeSet>
  <changeSet id="1.01.44.7" author="ЛЕХАНОВ Д.Н." runInTransaction="false">
    <preConditions onFail="MARK_RAN"><and><or><dbms type="oracle"/><dbms type="db2"/></or><not><sqlCheck expectedResult="1">select count(1) from user_tables where upper(table_name) = upper('FCR_Method')</sqlCheck></not></and></preConditions>
    <createTable tableName="FCR_Method">
      <column name="MethodID" type="NUMERIC(19, 0)" defaultValueNumeric="0" remarks="Уникальный идентификатор" autoIncrement="false">
        <constraints nullable="false"/>
      </column>
      <column name="MethodName" type="VARCHAR(255)" defaultValue=" " remarks="Наименование метода веб-сервиса" autoIncrement="false">
        <constraints nullable="false"/>
      </column>
      <column name="ServiceName" type="VARCHAR(255)" defaultValue=" " remarks="Наименование веб-сервиса" autoIncrement="false">
        <constraints nullable="false"/>
      </column>
    </createTable>
  </changeSet>
  <changeSet id="1.01.44.8" author="ЛЕХАНОВ Д.Н." runInTransaction="false">
    <preConditions onFail="MARK_RAN"><and><or><dbms type="mssql"/><dbms type="sybase"/></or><not><sqlCheck expectedResult="1">select count(1) from sysobjects where upper(name) = upper('FCR_Method')</sqlCheck></not></and></preConditions>
    <createTable tableName="FCR_Method">
      <column name="MethodID" type="NUMERIC(19, 0)" defaultValueNumeric="0" remarks="Уникальный идентификатор" autoIncrement="false">
        <constraints nullable="false"/>
      </column>
      <column name="MethodName" type="VARCHAR(255)" defaultValue=" " remarks="Наименование метода веб-сервиса" autoIncrement="false">
        <constraints nullable="false"/>
      </column>
      <column name="ServiceName" type="VARCHAR(255)" defaultValue=" " remarks="Наименование веб-сервиса" autoIncrement="false">
        <constraints nullable="false"/>
      </column>
    </createTable>
  </changeSet>
  <changeSet id="1.01.44.9" author="ЛЕХАНОВ Д.Н." runInTransaction="false">
    <preConditions onFail="MARK_RAN"><and><not><dbms type="oracle"/><dbms type="db2"/><dbms type="mssql"/><dbms type="sybase"/></not><not><tableExists tableName="FCR_Method"/></not></and></preConditions>
    <createTable tableName="FCR_Method">
      <column name="MethodID" type="NUMERIC(19, 0)" defaultValueNumeric="0" remarks="Уникальный идентификатор" autoIncrement="false">
        <constraints nullable="false"/>
      </column>
      <column name="MethodName" type="VARCHAR(255)" defaultValue=" " remarks="Наименование метода веб-сервиса" autoIncrement="false">
        <constraints nullable="false"/>
      </column>
      <column name="ServiceName" type="VARCHAR(255)" defaultValue=" " remarks="Наименование веб-сервиса" autoIncrement="false">
        <constraints nullable="false"/>
      </column>
    </createTable>
  </changeSet>
  <changeSet id="1.01.44.10" author="ЛЕХАНОВ Д.Н." runInTransaction="false">
    <preConditions onFail="MARK_RAN"><and><dbms type="oracle"/><sqlCheck expectedResult="1">select count(1) from user_tables where upper(table_name) = upper('tmpSessionVar')</sqlCheck></and></preConditions>
    <sql splitStatements="false">DECLARE
  v_SQLStr         VARCHAR2(255) := '';
BEGIN
  SELECT 'ALTER SESSION SET recyclebin = ' || UPPER(VarValue) into v_SQLStr
    FROM tmpSessionVar
   WHERE VarName = 'recyclebin';

  execute immediate v_SQLStr;
EXCEPTION
  WHEN OTHERS THEN NULL;
END;</sql>
  </changeSet>
  <changeSet id="1.01.44.11" author="ЛЕХАНОВ Д.Н." runInTransaction="false">
    <preConditions onFail="MARK_RAN"><and><or><dbms type="oracle"/><dbms type="db2"/></or><not><sqlCheck expectedResult="1">select count(1) from user_tables where upper(table_name) = upper('FCR_RepMethodLink')</sqlCheck></not></and></preConditions>
    <createTable tableName="FCR_RepMethodLink">
      <column name="RepMethodLinkID" type="NUMERIC(19, 0)" defaultValueNumeric="0" remarks="Уникальный идентификатор" autoIncrement="false">
        <constraints nullable="false"/>
      </column>
      <column name="ReportID" type="NUMERIC(19, 0)" defaultValueNumeric="0" remarks="Идентификатор отчета (ссылка на таблицу FTC_Report)" autoIncrement="false">
        <constraints nullable="false"/>
      </column>
      <column name="MethodID" type="NUMERIC(19, 0)" defaultValueNumeric="0" remarks="Идентификатор метода (ссылка на таблицу FCR_Method)" autoIncrement="false">
        <constraints nullable="false"/>
      </column>
      <column name="InvocationOrder" type="INT" defaultValueNumeric="0" remarks="Порядок вызова метода при построении отчета" autoIncrement="false">
        <constraints nullable="false"/>
      </column>
    </createTable>
  </changeSet>
  <changeSet id="1.01.44.12" author="ЛЕХАНОВ Д.Н." runInTransaction="false">
    <preConditions onFail="MARK_RAN"><and><or><dbms type="mssql"/><dbms type="sybase"/></or><not><sqlCheck expectedResult="1">select count(1) from sysobjects where upper(name) = upper('FCR_RepMethodLink')</sqlCheck></not></and></preConditions>
    <createTable tableName="FCR_RepMethodLink">
      <column name="RepMethodLinkID" type="NUMERIC(19, 0)" defaultValueNumeric="0" remarks="Уникальный идентификатор" autoIncrement="false">
        <constraints nullable="false"/>
      </column>
      <column name="ReportID" type="NUMERIC(19, 0)" defaultValueNumeric="0" remarks="Идентификатор отчета (ссылка на таблицу FTC_Report)" autoIncrement="false">
        <constraints nullable="false"/>
      </column>
      <column name="MethodID" type="NUMERIC(19, 0)" defaultValueNumeric="0" remarks="Идентификатор метода (ссылка на таблицу FCR_Method)" autoIncrement="false">
        <constraints nullable="false"/>
      </column>
      <column name="InvocationOrder" type="INT" defaultValueNumeric="0" remarks="Порядок вызова метода при построении отчета" autoIncrement="false">
        <constraints nullable="false"/>
      </column>
    </createTable>
  </changeSet>
  <changeSet id="1.01.44.13" author="ЛЕХАНОВ Д.Н." runInTransaction="false">
    <preConditions onFail="MARK_RAN"><and><not><dbms type="oracle"/><dbms type="db2"/><dbms type="mssql"/><dbms type="sybase"/></not><not><tableExists tableName="FCR_RepMethodLink"/></not></and></preConditions>
    <createTable tableName="FCR_RepMethodLink">
      <column name="RepMethodLinkID" type="NUMERIC(19, 0)" defaultValueNumeric="0" remarks="Уникальный идентификатор" autoIncrement="false">
        <constraints nullable="false"/>
      </column>
      <column name="ReportID" type="NUMERIC(19, 0)" defaultValueNumeric="0" remarks="Идентификатор отчета (ссылка на таблицу FTC_Report)" autoIncrement="false">
        <constraints nullable="false"/>
      </column>
      <column name="MethodID" type="NUMERIC(19, 0)" defaultValueNumeric="0" remarks="Идентификатор метода (ссылка на таблицу FCR_Method)" autoIncrement="false">
        <constraints nullable="false"/>
      </column>
      <column name="InvocationOrder" type="INT" defaultValueNumeric="0" remarks="Порядок вызова метода при построении отчета" autoIncrement="false">
        <constraints nullable="false"/>
      </column>
    </createTable>
  </changeSet>
  <changeSet id="1.01.44.14" author="ЛЕХАНОВ Д.Н." runInTransaction="false">
    <preConditions onFail="MARK_RAN"><and><dbms type="oracle"/><sqlCheck expectedResult="1">select count(1) from user_tables where upper(table_name) = upper('tmpSessionVar')</sqlCheck></and></preConditions>
    <sql splitStatements="false">DECLARE
  v_SQLStr         VARCHAR2(255) := '';
BEGIN
  SELECT 'ALTER SESSION SET recyclebin = ' || UPPER(VarValue) into v_SQLStr
    FROM tmpSessionVar
   WHERE VarName = 'recyclebin';

  execute immediate v_SQLStr;
EXCEPTION
  WHEN OTHERS THEN NULL;
END;</sql>
  </changeSet>
  <changeSet id="1.01.44.15" author="ЛЕХАНОВ Д.Н." runInTransaction="false">
    <preConditions onFail="MARK_RAN"><and><or><dbms type="oracle"/><dbms type="db2"/></or><not><sqlCheck expectedResult="1">select count(1) from user_tables where upper(table_name) = upper('FCR_OutMethodPrm')</sqlCheck></not></and></preConditions>
    <createTable tableName="FCR_OutMethodPrm">
      <column name="OutMethodPrmID" type="NUMERIC(19, 0)" defaultValueNumeric="0" remarks="Уникальный идентификатор" autoIncrement="false">
        <constraints nullable="false"/>
      </column>
      <column name="MethodID" type="NUMERIC(19, 0)" defaultValueNumeric="0" remarks="Идентификатор метода (ссылка на таблицу FCR_Method)" autoIncrement="false">
        <constraints nullable="false"/>
      </column>
      <column name="DatasetName" type="VARCHAR(255)" defaultValue=" " remarks="Имя исходящего набора данных метода" autoIncrement="false">
        <constraints nullable="false"/>
      </column>
      <column name="TableName" type="VARCHAR(255)" defaultValue=" " remarks="Имя таблицы для хранения ответа метода" autoIncrement="false">
        <constraints nullable="false"/>
      </column>
    </createTable>
  </changeSet>
  <changeSet id="1.01.44.16" author="ЛЕХАНОВ Д.Н." runInTransaction="false">
    <preConditions onFail="MARK_RAN"><and><or><dbms type="mssql"/><dbms type="sybase"/></or><not><sqlCheck expectedResult="1">select count(1) from sysobjects where upper(name) = upper('FCR_OutMethodPrm')</sqlCheck></not></and></preConditions>
    <createTable tableName="FCR_OutMethodPrm">
      <column name="OutMethodPrmID" type="NUMERIC(19, 0)" defaultValueNumeric="0" remarks="Уникальный идентификатор" autoIncrement="false">
        <constraints nullable="false"/>
      </column>
      <column name="MethodID" type="NUMERIC(19, 0)" defaultValueNumeric="0" remarks="Идентификатор метода (ссылка на таблицу FCR_Method)" autoIncrement="false">
        <constraints nullable="false"/>
      </column>
      <column name="DatasetName" type="VARCHAR(255)" defaultValue=" " remarks="Имя исходящего набора данных метода" autoIncrement="false">
        <constraints nullable="false"/>
      </column>
      <column name="TableName" type="VARCHAR(255)" defaultValue=" " remarks="Имя таблицы для хранения ответа метода" autoIncrement="false">
        <constraints nullable="false"/>
      </column>
    </createTable>
  </changeSet>
  <changeSet id="1.01.44.17" author="ЛЕХАНОВ Д.Н." runInTransaction="false">
    <preConditions onFail="MARK_RAN"><and><not><dbms type="oracle"/><dbms type="db2"/><dbms type="mssql"/><dbms type="sybase"/></not><not><tableExists tableName="FCR_OutMethodPrm"/></not></and></preConditions>
    <createTable tableName="FCR_OutMethodPrm">
      <column name="OutMethodPrmID" type="NUMERIC(19, 0)" defaultValueNumeric="0" remarks="Уникальный идентификатор" autoIncrement="false">
        <constraints nullable="false"/>
      </column>
      <column name="MethodID" type="NUMERIC(19, 0)" defaultValueNumeric="0" remarks="Идентификатор метода (ссылка на таблицу FCR_Method)" autoIncrement="false">
        <constraints nullable="false"/>
      </column>
      <column name="DatasetName" type="VARCHAR(255)" defaultValue=" " remarks="Имя исходящего набора данных метода" autoIncrement="false">
        <constraints nullable="false"/>
      </column>
      <column name="TableName" type="VARCHAR(255)" defaultValue=" " remarks="Имя таблицы для хранения ответа метода" autoIncrement="false">
        <constraints nullable="false"/>
      </column>
    </createTable>
  </changeSet>
  <changeSet id="1.01.44.18" author="ЛЕХАНОВ Д.Н." runInTransaction="false">
    <preConditions onFail="MARK_RAN"><and><dbms type="oracle"/><sqlCheck expectedResult="1">select count(1) from user_tables where upper(table_name) = upper('tmpSessionVar')</sqlCheck></and></preConditions>
    <sql splitStatements="false">DECLARE
  v_SQLStr         VARCHAR2(255) := '';
BEGIN
  SELECT 'ALTER SESSION SET recyclebin = ' || UPPER(VarValue) into v_SQLStr
    FROM tmpSessionVar
   WHERE VarName = 'recyclebin';

  execute immediate v_SQLStr;
EXCEPTION
  WHEN OTHERS THEN NULL;
END;</sql>
  </changeSet>
  <changeSet id="1.01.44.19" author="ЛЕХАНОВ Д.Н." runInTransaction="false">
    <preConditions onFail="MARK_RAN"><and><or><dbms type="oracle"/><dbms type="db2"/></or><not><sqlCheck expectedResult="1">select count(1) from user_tables where upper(table_name) = upper('FCR_InMethodPrm')</sqlCheck></not></and></preConditions>
    <createTable tableName="FCR_InMethodPrm">
      <column name="InMethodPrmID" type="NUMERIC(19, 0)" defaultValueNumeric="0" remarks="Уникальный идентификатор записи" autoIncrement="false">
        <constraints nullable="false"/>
      </column>
      <column name="MethodID" type="NUMERIC(19, 0)" defaultValueNumeric="0" remarks="Идентификатор метода (ссылка на таблицу FCR_Method)" autoIncrement="false">
        <constraints nullable="false"/>
      </column>
      <column name="DatasetName" type="VARCHAR(255)" remarks="Имя входящего набора для вызова метода" autoIncrement="false">
        <constraints nullable="true"/>
      </column>
      <column name="ParameterSysname" type="VARCHAR(255)" defaultValue=" " remarks="Системное наименование параметра" autoIncrement="false">
        <constraints nullable="false"/>
      </column>
      <column name="ParameterName" type="VARCHAR(255)" defaultValue=" " remarks="Наименование параметра" autoIncrement="false">
        <constraints nullable="false"/>
      </column>
      <column name="ParameterValue" type="VARCHAR(255)" remarks="Значение параметра" autoIncrement="false">
        <constraints nullable="true"/>
      </column>
      <column name="ParameterType" type="INT" remarks="Тип значения параметра: 0	BYTE 1	STRING 2	INTEGER 3	LONG 4	BOOLEAN 5	FLOAT 6	DOUBLE 7	DATE 8	LONGSTRING 9	MAP 10	LIST 11	BIGDECIMAL" autoIncrement="false">
        <constraints nullable="true"/>
      </column>
    </createTable>
  </changeSet>
  <changeSet id="1.01.44.20" author="ЛЕХАНОВ Д.Н." runInTransaction="false">
    <preConditions onFail="MARK_RAN"><and><or><dbms type="mssql"/><dbms type="sybase"/></or><not><sqlCheck expectedResult="1">select count(1) from sysobjects where upper(name) = upper('FCR_InMethodPrm')</sqlCheck></not></and></preConditions>
    <createTable tableName="FCR_InMethodPrm">
      <column name="InMethodPrmID" type="NUMERIC(19, 0)" defaultValueNumeric="0" remarks="Уникальный идентификатор записи" autoIncrement="false">
        <constraints nullable="false"/>
      </column>
      <column name="MethodID" type="NUMERIC(19, 0)" defaultValueNumeric="0" remarks="Идентификатор метода (ссылка на таблицу FCR_Method)" autoIncrement="false">
        <constraints nullable="false"/>
      </column>
      <column name="DatasetName" type="VARCHAR(255)" remarks="Имя входящего набора для вызова метода" autoIncrement="false">
        <constraints nullable="true"/>
      </column>
      <column name="ParameterSysname" type="VARCHAR(255)" defaultValue=" " remarks="Системное наименование параметра" autoIncrement="false">
        <constraints nullable="false"/>
      </column>
      <column name="ParameterName" type="VARCHAR(255)" defaultValue=" " remarks="Наименование параметра" autoIncrement="false">
        <constraints nullable="false"/>
      </column>
      <column name="ParameterValue" type="VARCHAR(255)" remarks="Значение параметра" autoIncrement="false">
        <constraints nullable="true"/>
      </column>
      <column name="ParameterType" type="INT" remarks="Тип значения параметра: 0	BYTE 1	STRING 2	INTEGER 3	LONG 4	BOOLEAN 5	FLOAT 6	DOUBLE 7	DATE 8	LONGSTRING 9	MAP 10	LIST 11	BIGDECIMAL" autoIncrement="false">
        <constraints nullable="true"/>
      </column>
    </createTable>
  </changeSet>
  <changeSet id="1.01.44.21" author="ЛЕХАНОВ Д.Н." runInTransaction="false">
    <preConditions onFail="MARK_RAN"><and><not><dbms type="oracle"/><dbms type="db2"/><dbms type="mssql"/><dbms type="sybase"/></not><not><tableExists tableName="FCR_InMethodPrm"/></not></and></preConditions>
    <createTable tableName="FCR_InMethodPrm">
      <column name="InMethodPrmID" type="NUMERIC(19, 0)" defaultValueNumeric="0" remarks="Уникальный идентификатор записи" autoIncrement="false">
        <constraints nullable="false"/>
      </column>
      <column name="MethodID" type="NUMERIC(19, 0)" defaultValueNumeric="0" remarks="Идентификатор метода (ссылка на таблицу FCR_Method)" autoIncrement="false">
        <constraints nullable="false"/>
      </column>
      <column name="DatasetName" type="VARCHAR(255)" remarks="Имя входящего набора для вызова метода" autoIncrement="false">
        <constraints nullable="true"/>
      </column>
      <column name="ParameterSysname" type="VARCHAR(255)" defaultValue=" " remarks="Системное наименование параметра" autoIncrement="false">
        <constraints nullable="false"/>
      </column>
      <column name="ParameterName" type="VARCHAR(255)" defaultValue=" " remarks="Наименование параметра" autoIncrement="false">
        <constraints nullable="false"/>
      </column>
      <column name="ParameterValue" type="VARCHAR(255)" remarks="Значение параметра" autoIncrement="false">
        <constraints nullable="true"/>
      </column>
      <column name="ParameterType" type="INT" remarks="Тип значения параметра: 0	BYTE 1	STRING 2	INTEGER 3	LONG 4	BOOLEAN 5	FLOAT 6	DOUBLE 7	DATE 8	LONGSTRING 9	MAP 10	LIST 11	BIGDECIMAL" autoIncrement="false">
        <constraints nullable="true"/>
      </column>
    </createTable>
  </changeSet>
  <changeSet id="1.01.44.22" author="ЛЕХАНОВ Д.Н." runInTransaction="false">
    <preConditions onFail="MARK_RAN"><and><dbms type="oracle"/><sqlCheck expectedResult="1">select count(1) from user_tables where upper(table_name) = upper('tmpSessionVar')</sqlCheck></and></preConditions>
    <sql splitStatements="false">DECLARE
  v_SQLStr         VARCHAR2(255) := '';
BEGIN
  SELECT 'ALTER SESSION SET recyclebin = ' || UPPER(VarValue) into v_SQLStr
    FROM tmpSessionVar
   WHERE VarName = 'recyclebin';

  execute immediate v_SQLStr;
EXCEPTION
  WHEN OTHERS THEN NULL;
END;</sql>
  </changeSet>
  <changeSet id="1.01.44.23" author="ЛЕХАНОВ Д.Н." runInTransaction="false">
    <preConditions onFail="MARK_RAN"><and><or><dbms type="oracle"/><dbms type="db2"/></or><not><sqlCheck expectedResult="1">select count(1) from user_tables where upper(table_name) = upper('FCR_ReportHistory')</sqlCheck></not></and></preConditions>
    <createTable tableName="FCR_ReportHistory">
      <column name="ReportHistoryID" type="NUMERIC(19, 0)" defaultValueNumeric="0" remarks="Уникальный идентификатор записи" autoIncrement="false">
        <constraints nullable="false"/>
      </column>
      <column name="ReportID" type="NUMERIC(19, 0)" defaultValueNumeric="0" remarks="Идентификатор отчета (ссылка на таблицу FCR_Report)" autoIncrement="false">
        <constraints nullable="false"/>
      </column>
      <column name="ProcessID" type="NUMERIC(19,0)" remarks="Идентификатор процесса, из которого запущен отчет" autoIncrement="false">
        <constraints nullable="true"/>
      </column>
      <column name="UserLogin" type="VARCHAR(255)" defaultValue=" " remarks="Логин пользователя, построившего отчет" autoIncrement="false">
        <constraints nullable="false"/>
      </column>
      <column name="StartDate" type="BIGINT" defaultValueNumeric="0" remarks="Дата запуска отчета" autoIncrement="false">
        <constraints nullable="false"/>
      </column>
      <column name="EndDate" type="BIGINT" remarks="Дата завершения построения отчета" autoIncrement="false">
        <constraints nullable="true"/>
      </column>
      <column name="ExecuteStatus" type="SMALLINT" defaultValueNumeric="0" remarks="Статус формирования отчета. Возможные значения: 1 - формируется; 2 - готов; 3 - ошибка." autoIncrement="false">
        <constraints nullable="false"/>
      </column>
      <column name="ReportFilePath" type="VARCHAR(1000)" remarks="Путь к отчету" autoIncrement="false">
        <constraints nullable="true"/>
      </column>
    </createTable>
  </changeSet>
  <changeSet id="1.01.44.24" author="ЛЕХАНОВ Д.Н." runInTransaction="false">
    <preConditions onFail="MARK_RAN"><and><or><dbms type="mssql"/><dbms type="sybase"/></or><not><sqlCheck expectedResult="1">select count(1) from sysobjects where upper(name) = upper('FCR_ReportHistory')</sqlCheck></not></and></preConditions>
    <createTable tableName="FCR_ReportHistory">
      <column name="ReportHistoryID" type="NUMERIC(19, 0)" defaultValueNumeric="0" remarks="Уникальный идентификатор записи" autoIncrement="false">
        <constraints nullable="false"/>
      </column>
      <column name="ReportID" type="NUMERIC(19, 0)" defaultValueNumeric="0" remarks="Идентификатор отчета (ссылка на таблицу FCR_Report)" autoIncrement="false">
        <constraints nullable="false"/>
      </column>
      <column name="ProcessID" type="NUMERIC(19,0)" remarks="Идентификатор процесса, из которого запущен отчет" autoIncrement="false">
        <constraints nullable="true"/>
      </column>
      <column name="UserLogin" type="VARCHAR(255)" defaultValue=" " remarks="Логин пользователя, построившего отчет" autoIncrement="false">
        <constraints nullable="false"/>
      </column>
      <column name="StartDate" type="BIGINT" defaultValueNumeric="0" remarks="Дата запуска отчета" autoIncrement="false">
        <constraints nullable="false"/>
      </column>
      <column name="EndDate" type="BIGINT" remarks="Дата завершения построения отчета" autoIncrement="false">
        <constraints nullable="true"/>
      </column>
      <column name="ExecuteStatus" type="SMALLINT" defaultValueNumeric="0" remarks="Статус формирования отчета. Возможные значения: 1 - формируется; 2 - готов; 3 - ошибка." autoIncrement="false">
        <constraints nullable="false"/>
      </column>
      <column name="ReportFilePath" type="VARCHAR(1000)" remarks="Путь к отчету" autoIncrement="false">
        <constraints nullable="true"/>
      </column>
    </createTable>
  </changeSet>
  <changeSet id="1.01.44.25" author="ЛЕХАНОВ Д.Н." runInTransaction="false">
    <preConditions onFail="MARK_RAN"><and><not><dbms type="oracle"/><dbms type="db2"/><dbms type="mssql"/><dbms type="sybase"/></not><not><tableExists tableName="FCR_ReportHistory"/></not></and></preConditions>
    <createTable tableName="FCR_ReportHistory">
      <column name="ReportHistoryID" type="NUMERIC(19, 0)" defaultValueNumeric="0" remarks="Уникальный идентификатор записи" autoIncrement="false">
        <constraints nullable="false"/>
      </column>
      <column name="ReportID" type="NUMERIC(19, 0)" defaultValueNumeric="0" remarks="Идентификатор отчета (ссылка на таблицу FCR_Report)" autoIncrement="false">
        <constraints nullable="false"/>
      </column>
      <column name="ProcessID" type="NUMERIC(19,0)" remarks="Идентификатор процесса, из которого запущен отчет" autoIncrement="false">
        <constraints nullable="true"/>
      </column>
      <column name="UserLogin" type="VARCHAR(255)" defaultValue=" " remarks="Логин пользователя, построившего отчет" autoIncrement="false">
        <constraints nullable="false"/>
      </column>
      <column name="StartDate" type="BIGINT" defaultValueNumeric="0" remarks="Дата запуска отчета" autoIncrement="false">
        <constraints nullable="false"/>
      </column>
      <column name="EndDate" type="BIGINT" remarks="Дата завершения построения отчета" autoIncrement="false">
        <constraints nullable="true"/>
      </column>
      <column name="ExecuteStatus" type="SMALLINT" defaultValueNumeric="0" remarks="Статус формирования отчета. Возможные значения: 1 - формируется; 2 - готов; 3 - ошибка." autoIncrement="false">
        <constraints nullable="false"/>
      </column>
      <column name="ReportFilePath" type="VARCHAR(1000)" remarks="Путь к отчету" autoIncrement="false">
        <constraints nullable="true"/>
      </column>
    </createTable>
  </changeSet>
  <changeSet id="1.01.44.26" author="ЛЕХАНОВ Д.Н." runInTransaction="false">
    <preConditions onFail="MARK_RAN"><and><dbms type="oracle"/><sqlCheck expectedResult="1">select count(1) from user_tables where upper(table_name) = upper('tmpSessionVar')</sqlCheck></and></preConditions>
    <sql splitStatements="false">DECLARE
  v_SQLStr         VARCHAR2(255) := '';
BEGIN
  SELECT 'ALTER SESSION SET recyclebin = ' || UPPER(VarValue) into v_SQLStr
    FROM tmpSessionVar
   WHERE VarName = 'recyclebin';

  execute immediate v_SQLStr;
EXCEPTION
  WHEN OTHERS THEN NULL;
END;</sql>
  </changeSet>
  <changeSet id="1.01.44.27" author="ЛЕХАНОВ Д.Н." runInTransaction="false">
    <preConditions onFail="MARK_RAN"><and><or><dbms type="oracle"/><dbms type="db2"/></or><not><sqlCheck expectedResult="1">select count(1) from user_tables where upper(table_name) = upper('FCR_Protocol')</sqlCheck></not></and></preConditions>
    <createTable tableName="FCR_Protocol">
      <column name="ProtocolID" type="NUMERIC(19, 0)" defaultValueNumeric="0" remarks="Уникальный идентификатор записи" autoIncrement="false">
        <constraints nullable="false"/>
      </column>
      <column name="ReportHistoryID" type="NUMERIC(19, 0)" defaultValueNumeric="0" remarks="Идентификатор экземпляра отчета (ссылка на FCR_ReportHistory)" autoIncrement="false">
        <constraints nullable="false"/>
      </column>
      <column name="Message" type="CLOB" remarks="Текст сообщения протокола" autoIncrement="false">
        <constraints nullable="true"/>
      </column>
      <column name="MessageType" type="SMALLINT" defaultValueNumeric="0" remarks="Тип сообщения протокола. Возможные значения: 1 - информационное; 2 - ошибка." autoIncrement="false">
        <constraints nullable="false"/>
      </column>
    </createTable>
  </changeSet>
  <changeSet id="1.01.44.28" author="ЛЕХАНОВ Д.Н." runInTransaction="false">
    <preConditions onFail="MARK_RAN"><and><or><dbms type="mssql"/><dbms type="sybase"/></or><not><sqlCheck expectedResult="1">select count(1) from sysobjects where upper(name) = upper('FCR_Protocol')</sqlCheck></not></and></preConditions>
    <createTable tableName="FCR_Protocol">
      <column name="ProtocolID" type="NUMERIC(19, 0)" defaultValueNumeric="0" remarks="Уникальный идентификатор записи" autoIncrement="false">
        <constraints nullable="false"/>
      </column>
      <column name="ReportHistoryID" type="NUMERIC(19, 0)" defaultValueNumeric="0" remarks="Идентификатор экземпляра отчета (ссылка на FCR_ReportHistory)" autoIncrement="false">
        <constraints nullable="false"/>
      </column>
      <column name="Message" type="CLOB" remarks="Текст сообщения протокола" autoIncrement="false">
        <constraints nullable="true"/>
      </column>
      <column name="MessageType" type="SMALLINT" defaultValueNumeric="0" remarks="Тип сообщения протокола. Возможные значения: 1 - информационное; 2 - ошибка." autoIncrement="false">
        <constraints nullable="false"/>
      </column>
    </createTable>
  </changeSet>
  <changeSet id="1.01.44.29" author="ЛЕХАНОВ Д.Н." runInTransaction="false">
    <preConditions onFail="MARK_RAN"><and><not><dbms type="oracle"/><dbms type="db2"/><dbms type="mssql"/><dbms type="sybase"/></not><not><tableExists tableName="FCR_Protocol"/></not></and></preConditions>
    <createTable tableName="FCR_Protocol">
      <column name="ProtocolID" type="NUMERIC(19, 0)" defaultValueNumeric="0" remarks="Уникальный идентификатор записи" autoIncrement="false">
        <constraints nullable="false"/>
      </column>
      <column name="ReportHistoryID" type="NUMERIC(19, 0)" defaultValueNumeric="0" remarks="Идентификатор экземпляра отчета (ссылка на FCR_ReportHistory)" autoIncrement="false">
        <constraints nullable="false"/>
      </column>
      <column name="Message" type="CLOB" remarks="Текст сообщения протокола" autoIncrement="false">
        <constraints nullable="true"/>
      </column>
      <column name="MessageType" type="SMALLINT" defaultValueNumeric="0" remarks="Тип сообщения протокола. Возможные значения: 1 - информационное; 2 - ошибка." autoIncrement="false">
        <constraints nullable="false"/>
      </column>
    </createTable>
  </changeSet>
  <changeSet id="1.01.44.30" author="ЛЕХАНОВ Д.Н." runInTransaction="false">
    <preConditions onFail="MARK_RAN"><and><dbms type="oracle"/><sqlCheck expectedResult="1">select count(1) from user_tables where upper(table_name) = upper('tmpSessionVar')</sqlCheck></and></preConditions>
    <sql splitStatements="false">DECLARE
  v_SQLStr         VARCHAR2(255) := '';
BEGIN
  SELECT 'ALTER SESSION SET recyclebin = ' || UPPER(VarValue) into v_SQLStr
    FROM tmpSessionVar
   WHERE VarName = 'recyclebin';

  execute immediate v_SQLStr;
EXCEPTION
  WHEN OTHERS THEN NULL;
END;</sql>
  </changeSet>
  <changeSet id="1.01.44.31" author="ЛЕХАНОВ Д.Н." runInTransaction="false">
    <preConditions onFail="MARK_RAN"><and><or><dbms type="oracle"/><dbms type="db2"/></or><not><sqlCheck expectedResult="1">select count(1) from user_indexes where upper(index_name) = upper('PK_FCR_Report')</sqlCheck></not></and></preConditions>
    <createIndex tableName="FCR_Report" indexName="PK_FCR_Report" unique="true">
      <column name="ReportID"/>
    </createIndex>
  </changeSet>
  <changeSet id="1.01.44.32" author="ЛЕХАНОВ Д.Н." runInTransaction="false">
    <preConditions onFail="MARK_RAN"><and><or><dbms type="mssql"/><dbms type="sybase"/></or><not><sqlCheck expectedResult="1">select count(1) from sysindexes where upper(name) = upper('PK_FCR_Report')</sqlCheck></not></and></preConditions>
    <createIndex tableName="FCR_Report" indexName="PK_FCR_Report" unique="true">
      <column name="ReportID"/>
    </createIndex>
  </changeSet>
  <changeSet id="1.01.44.33" author="ЛЕХАНОВ Д.Н." runInTransaction="false">
    <preConditions onFail="MARK_RAN"><and><not><dbms type="oracle"/><dbms type="db2"/><dbms type="mssql"/><dbms type="sybase"/></not><not><indexExists indexName="PK_FCR_Report"/></not></and></preConditions>
    <createIndex tableName="FCR_Report" indexName="PK_FCR_Report" unique="true">
      <column name="ReportID"/>
    </createIndex>
  </changeSet>
  <changeSet id="1.01.44.34" author="ЛЕХАНОВ Д.Н." runInTransaction="false">
    <preConditions onFail="MARK_RAN"><and><dbms type="oracle"/><sqlCheck expectedResult="1">select count(1) from user_tables where upper(table_name) = upper('tmpSessionVar')</sqlCheck></and></preConditions>
    <sql splitStatements="false">DECLARE
  v_SQLStr         VARCHAR2(255) := '';
BEGIN
  SELECT 'ALTER SESSION SET recyclebin = ' || UPPER(VarValue) into v_SQLStr
    FROM tmpSessionVar
   WHERE VarName = 'recyclebin';

  execute immediate v_SQLStr;
EXCEPTION
  WHEN OTHERS THEN NULL;
END;</sql>
  </changeSet>
  <changeSet id="1.01.44.35" author="ЛЕХАНОВ Д.Н." runInTransaction="false">
    <preConditions onFail="MARK_RAN"><and><or><dbms type="oracle"/><dbms type="db2"/></or><not><sqlCheck expectedResult="1">select count(1) from user_indexes where upper(index_name) = upper('PK_FCR_Method')</sqlCheck></not></and></preConditions>
    <createIndex tableName="FCR_Method" indexName="PK_FCR_Method" unique="true">
      <column name="MethodID"/>
    </createIndex>
  </changeSet>
  <changeSet id="1.01.44.36" author="ЛЕХАНОВ Д.Н." runInTransaction="false">
    <preConditions onFail="MARK_RAN"><and><or><dbms type="mssql"/><dbms type="sybase"/></or><not><sqlCheck expectedResult="1">select count(1) from sysindexes where upper(name) = upper('PK_FCR_Method')</sqlCheck></not></and></preConditions>
    <createIndex tableName="FCR_Method" indexName="PK_FCR_Method" unique="true">
      <column name="MethodID"/>
    </createIndex>
  </changeSet>
  <changeSet id="1.01.44.37" author="ЛЕХАНОВ Д.Н." runInTransaction="false">
    <preConditions onFail="MARK_RAN"><and><not><dbms type="oracle"/><dbms type="db2"/><dbms type="mssql"/><dbms type="sybase"/></not><not><indexExists indexName="PK_FCR_Method"/></not></and></preConditions>
    <createIndex tableName="FCR_Method" indexName="PK_FCR_Method" unique="true">
      <column name="MethodID"/>
    </createIndex>
  </changeSet>
  <changeSet id="1.01.44.38" author="ЛЕХАНОВ Д.Н." runInTransaction="false">
    <preConditions onFail="MARK_RAN"><and><dbms type="oracle"/><sqlCheck expectedResult="1">select count(1) from user_tables where upper(table_name) = upper('tmpSessionVar')</sqlCheck></and></preConditions>
    <sql splitStatements="false">DECLARE
  v_SQLStr         VARCHAR2(255) := '';
BEGIN
  SELECT 'ALTER SESSION SET recyclebin = ' || UPPER(VarValue) into v_SQLStr
    FROM tmpSessionVar
   WHERE VarName = 'recyclebin';

  execute immediate v_SQLStr;
EXCEPTION
  WHEN OTHERS THEN NULL;
END;</sql>
  </changeSet>
  <changeSet id="1.01.44.39" author="ЛЕХАНОВ Д.Н." runInTransaction="false">
    <preConditions onFail="MARK_RAN"><and><or><dbms type="oracle"/><dbms type="db2"/></or><not><sqlCheck expectedResult="1">select count(1) from user_indexes where upper(index_name) = upper('PK_FCR_OutMthdPrm')</sqlCheck></not></and></preConditions>
    <createIndex tableName="FCR_OutMethodPrm" indexName="PK_FCR_OutMthdPrm" unique="true">
      <column name="OutMethodPrmID"/>
    </createIndex>
  </changeSet>
  <changeSet id="1.01.44.40" author="ЛЕХАНОВ Д.Н." runInTransaction="false">
    <preConditions onFail="MARK_RAN"><and><or><dbms type="mssql"/><dbms type="sybase"/></or><not><sqlCheck expectedResult="1">select count(1) from sysindexes where upper(name) = upper('PK_FCR_OutMthdPrm')</sqlCheck></not></and></preConditions>
    <createIndex tableName="FCR_OutMethodPrm" indexName="PK_FCR_OutMthdPrm" unique="true">
      <column name="OutMethodPrmID"/>
    </createIndex>
  </changeSet>
  <changeSet id="1.01.44.41" author="ЛЕХАНОВ Д.Н." runInTransaction="false">
    <preConditions onFail="MARK_RAN"><and><not><dbms type="oracle"/><dbms type="db2"/><dbms type="mssql"/><dbms type="sybase"/></not><not><indexExists indexName="PK_FCR_OutMthdPrm"/></not></and></preConditions>
    <createIndex tableName="FCR_OutMethodPrm" indexName="PK_FCR_OutMthdPrm" unique="true">
      <column name="OutMethodPrmID"/>
    </createIndex>
  </changeSet>
  <changeSet id="1.01.44.42" author="ЛЕХАНОВ Д.Н." runInTransaction="false">
    <preConditions onFail="MARK_RAN"><and><dbms type="oracle"/><sqlCheck expectedResult="1">select count(1) from user_tables where upper(table_name) = upper('tmpSessionVar')</sqlCheck></and></preConditions>
    <sql splitStatements="false">DECLARE
  v_SQLStr         VARCHAR2(255) := '';
BEGIN
  SELECT 'ALTER SESSION SET recyclebin = ' || UPPER(VarValue) into v_SQLStr
    FROM tmpSessionVar
   WHERE VarName = 'recyclebin';

  execute immediate v_SQLStr;
EXCEPTION
  WHEN OTHERS THEN NULL;
END;</sql>
  </changeSet>
  <changeSet id="1.01.44.43" author="ЛЕХАНОВ Д.Н." runInTransaction="false">
    <preConditions onFail="MARK_RAN"><and><or><dbms type="oracle"/><dbms type="db2"/></or><not><sqlCheck expectedResult="1">select count(1) from user_indexes where upper(index_name) = upper('PK_FCR_InMthdPrm')</sqlCheck></not></and></preConditions>
    <createIndex tableName="FCR_InMethodPrm" indexName="PK_FCR_InMthdPrm" unique="true">
      <column name="InMethodPrmID"/>
    </createIndex>
  </changeSet>
  <changeSet id="1.01.44.44" author="ЛЕХАНОВ Д.Н." runInTransaction="false">
    <preConditions onFail="MARK_RAN"><and><or><dbms type="mssql"/><dbms type="sybase"/></or><not><sqlCheck expectedResult="1">select count(1) from sysindexes where upper(name) = upper('PK_FCR_InMthdPrm')</sqlCheck></not></and></preConditions>
    <createIndex tableName="FCR_InMethodPrm" indexName="PK_FCR_InMthdPrm" unique="true">
      <column name="InMethodPrmID"/>
    </createIndex>
  </changeSet>
  <changeSet id="1.01.44.45" author="ЛЕХАНОВ Д.Н." runInTransaction="false">
    <preConditions onFail="MARK_RAN"><and><not><dbms type="oracle"/><dbms type="db2"/><dbms type="mssql"/><dbms type="sybase"/></not><not><indexExists indexName="PK_FCR_InMthdPrm"/></not></and></preConditions>
    <createIndex tableName="FCR_InMethodPrm" indexName="PK_FCR_InMthdPrm" unique="true">
      <column name="InMethodPrmID"/>
    </createIndex>
  </changeSet>
  <changeSet id="1.01.44.46" author="ЛЕХАНОВ Д.Н." runInTransaction="false">
    <preConditions onFail="MARK_RAN"><and><dbms type="oracle"/><sqlCheck expectedResult="1">select count(1) from user_tables where upper(table_name) = upper('tmpSessionVar')</sqlCheck></and></preConditions>
    <sql splitStatements="false">DECLARE
  v_SQLStr         VARCHAR2(255) := '';
BEGIN
  SELECT 'ALTER SESSION SET recyclebin = ' || UPPER(VarValue) into v_SQLStr
    FROM tmpSessionVar
   WHERE VarName = 'recyclebin';

  execute immediate v_SQLStr;
EXCEPTION
  WHEN OTHERS THEN NULL;
END;</sql>
  </changeSet>
  <changeSet id="1.01.44.47" author="ЛЕХАНОВ Д.Н." runInTransaction="false">
    <preConditions onFail="MARK_RAN"><and><or><dbms type="oracle"/><dbms type="db2"/></or><not><sqlCheck expectedResult="1">select count(1) from user_indexes where upper(index_name) = upper('PK_FCR_RepMthdLink')</sqlCheck></not></and></preConditions>
    <createIndex tableName="FCR_RepMethodLink" indexName="PK_FCR_RepMthdLink" unique="true">
      <column name="RepMethodLinkID"/>
    </createIndex>
  </changeSet>
  <changeSet id="1.01.44.48" author="ЛЕХАНОВ Д.Н." runInTransaction="false">
    <preConditions onFail="MARK_RAN"><and><or><dbms type="mssql"/><dbms type="sybase"/></or><not><sqlCheck expectedResult="1">select count(1) from sysindexes where upper(name) = upper('PK_FCR_RepMthdLink')</sqlCheck></not></and></preConditions>
    <createIndex tableName="FCR_RepMethodLink" indexName="PK_FCR_RepMthdLink" unique="true">
      <column name="RepMethodLinkID"/>
    </createIndex>
  </changeSet>
  <changeSet id="1.01.44.49" author="ЛЕХАНОВ Д.Н." runInTransaction="false">
    <preConditions onFail="MARK_RAN"><and><not><dbms type="oracle"/><dbms type="db2"/><dbms type="mssql"/><dbms type="sybase"/></not><not><indexExists indexName="PK_FCR_RepMthdLink"/></not></and></preConditions>
    <createIndex tableName="FCR_RepMethodLink" indexName="PK_FCR_RepMthdLink" unique="true">
      <column name="RepMethodLinkID"/>
    </createIndex>
  </changeSet>
  <changeSet id="1.01.44.50" author="ЛЕХАНОВ Д.Н." runInTransaction="false">
    <preConditions onFail="MARK_RAN"><and><dbms type="oracle"/><sqlCheck expectedResult="1">select count(1) from user_tables where upper(table_name) = upper('tmpSessionVar')</sqlCheck></and></preConditions>
    <sql splitStatements="false">DECLARE
  v_SQLStr         VARCHAR2(255) := '';
BEGIN
  SELECT 'ALTER SESSION SET recyclebin = ' || UPPER(VarValue) into v_SQLStr
    FROM tmpSessionVar
   WHERE VarName = 'recyclebin';

  execute immediate v_SQLStr;
EXCEPTION
  WHEN OTHERS THEN NULL;
END;</sql>
  </changeSet>
  <changeSet id="1.01.44.51" author="ЛЕХАНОВ Д.Н." runInTransaction="false">
    <preConditions onFail="MARK_RAN"><and><or><dbms type="oracle"/><dbms type="db2"/></or><not><sqlCheck expectedResult="1">select count(1) from user_indexes where upper(index_name) = upper('PK_FCR_ReportHistory')</sqlCheck></not></and></preConditions>
    <createIndex tableName="FCR_ReportHistory" indexName="PK_FCR_ReportHistory" unique="true">
      <column name="ReportHistoryID"/>
    </createIndex>
  </changeSet>
  <changeSet id="1.01.44.52" author="ЛЕХАНОВ Д.Н." runInTransaction="false">
    <preConditions onFail="MARK_RAN"><and><or><dbms type="mssql"/><dbms type="sybase"/></or><not><sqlCheck expectedResult="1">select count(1) from sysindexes where upper(name) = upper('PK_FCR_ReportHistory')</sqlCheck></not></and></preConditions>
    <createIndex tableName="FCR_ReportHistory" indexName="PK_FCR_ReportHistory" unique="true">
      <column name="ReportHistoryID"/>
    </createIndex>
  </changeSet>
  <changeSet id="1.01.44.53" author="ЛЕХАНОВ Д.Н." runInTransaction="false">
    <preConditions onFail="MARK_RAN"><and><not><dbms type="oracle"/><dbms type="db2"/><dbms type="mssql"/><dbms type="sybase"/></not><not><indexExists indexName="PK_FCR_ReportHistory"/></not></and></preConditions>
    <createIndex tableName="FCR_ReportHistory" indexName="PK_FCR_ReportHistory" unique="true">
      <column name="ReportHistoryID"/>
    </createIndex>
  </changeSet>
  <changeSet id="1.01.44.54" author="ЛЕХАНОВ Д.Н." runInTransaction="false">
    <preConditions onFail="MARK_RAN"><and><dbms type="oracle"/><sqlCheck expectedResult="1">select count(1) from user_tables where upper(table_name) = upper('tmpSessionVar')</sqlCheck></and></preConditions>
    <sql splitStatements="false">DECLARE
  v_SQLStr         VARCHAR2(255) := '';
BEGIN
  SELECT 'ALTER SESSION SET recyclebin = ' || UPPER(VarValue) into v_SQLStr
    FROM tmpSessionVar
   WHERE VarName = 'recyclebin';

  execute immediate v_SQLStr;
EXCEPTION
  WHEN OTHERS THEN NULL;
END;</sql>
  </changeSet>
  <changeSet id="1.01.44.55" author="ЛЕХАНОВ Д.Н." runInTransaction="false">
    <preConditions onFail="MARK_RAN"><and><or><dbms type="oracle"/><dbms type="db2"/></or><not><sqlCheck expectedResult="1">select count(1) from user_indexes where upper(index_name) = upper('PK_FCR_Protocol')</sqlCheck></not></and></preConditions>
    <createIndex tableName="FCR_Protocol" indexName="PK_FCR_Protocol" unique="true">
      <column name="ProtocolID"/>
    </createIndex>
  </changeSet>
  <changeSet id="1.01.44.56" author="ЛЕХАНОВ Д.Н." runInTransaction="false">
    <preConditions onFail="MARK_RAN"><and><or><dbms type="mssql"/><dbms type="sybase"/></or><not><sqlCheck expectedResult="1">select count(1) from sysindexes where upper(name) = upper('PK_FCR_Protocol')</sqlCheck></not></and></preConditions>
    <createIndex tableName="FCR_Protocol" indexName="PK_FCR_Protocol" unique="true">
      <column name="ProtocolID"/>
    </createIndex>
  </changeSet>
  <changeSet id="1.01.44.57" author="ЛЕХАНОВ Д.Н." runInTransaction="false">
    <preConditions onFail="MARK_RAN"><and><not><dbms type="oracle"/><dbms type="db2"/><dbms type="mssql"/><dbms type="sybase"/></not><not><indexExists indexName="PK_FCR_Protocol"/></not></and></preConditions>
    <createIndex tableName="FCR_Protocol" indexName="PK_FCR_Protocol" unique="true">
      <column name="ProtocolID"/>
    </createIndex>
  </changeSet>
  <changeSet id="1.01.44.58" author="ЛЕХАНОВ Д.Н." runInTransaction="false">
    <preConditions onFail="MARK_RAN"><and><dbms type="oracle"/><sqlCheck expectedResult="1">select count(1) from user_tables where upper(table_name) = upper('tmpSessionVar')</sqlCheck></and></preConditions>
    <sql splitStatements="false">DECLARE
  v_SQLStr         VARCHAR2(255) := '';
BEGIN
  SELECT 'ALTER SESSION SET recyclebin = ' || UPPER(VarValue) into v_SQLStr
    FROM tmpSessionVar
   WHERE VarName = 'recyclebin';

  execute immediate v_SQLStr;
EXCEPTION
  WHEN OTHERS THEN NULL;
END;</sql>
  </changeSet>
  <changeSet id="1.01.44.59" author="ЛЕХАНОВ Д.Н." runInTransaction="false">
    <preConditions onFail="MARK_RAN"><and><or><dbms type="oracle"/><dbms type="db2"/></or><not><sqlCheck expectedResult="1">select count(1) from user_indexes where upper(index_name) = upper('K01_FCR_Report')</sqlCheck></not></and></preConditions>
    <createIndex tableName="FCR_Report" indexName="K01_FCR_Report" unique="true">
      <column name="ReportName"/>
    </createIndex>
  </changeSet>
  <changeSet id="1.01.44.60" author="ЛЕХАНОВ Д.Н." runInTransaction="false">
    <preConditions onFail="MARK_RAN"><and><or><dbms type="mssql"/><dbms type="sybase"/></or><not><sqlCheck expectedResult="1">select count(1) from sysindexes where upper(name) = upper('K01_FCR_Report')</sqlCheck></not></and></preConditions>
    <createIndex tableName="FCR_Report" indexName="K01_FCR_Report" unique="true">
      <column name="ReportName"/>
    </createIndex>
  </changeSet>
  <changeSet id="1.01.44.61" author="ЛЕХАНОВ Д.Н." runInTransaction="false">
    <preConditions onFail="MARK_RAN"><and><not><dbms type="oracle"/><dbms type="db2"/><dbms type="mssql"/><dbms type="sybase"/></not><not><indexExists indexName="K01_FCR_Report"/></not></and></preConditions>
    <createIndex tableName="FCR_Report" indexName="K01_FCR_Report" unique="true">
      <column name="ReportName"/>
    </createIndex>
  </changeSet>
  <changeSet id="1.01.44.62" author="ЛЕХАНОВ Д.Н." runInTransaction="false">
    <preConditions onFail="MARK_RAN"><and><dbms type="oracle"/><sqlCheck expectedResult="1">select count(1) from user_tables where upper(table_name) = upper('tmpSessionVar')</sqlCheck></and></preConditions>
    <sql splitStatements="false">DECLARE
  v_SQLStr         VARCHAR2(255) := '';
BEGIN
  SELECT 'ALTER SESSION SET recyclebin = ' || UPPER(VarValue) into v_SQLStr
    FROM tmpSessionVar
   WHERE VarName = 'recyclebin';

  execute immediate v_SQLStr;
EXCEPTION
  WHEN OTHERS THEN NULL;
END;</sql>
  </changeSet>
  <changeSet id="1.01.44.63" author="ЛЕХАНОВ Д.Н." runInTransaction="false">
    <preConditions onFail="MARK_RAN"><and><or><dbms type="oracle"/><dbms type="db2"/></or><not><sqlCheck expectedResult="1">select count(1) from user_indexes where upper(index_name) = upper('K02_FCR_Report')</sqlCheck></not></and></preConditions>
    <createIndex tableName="FCR_Report" indexName="K02_FCR_Report" unique="true">
      <column name="ReportSysname"/>
    </createIndex>
  </changeSet>
  <changeSet id="1.01.44.64" author="ЛЕХАНОВ Д.Н." runInTransaction="false">
    <preConditions onFail="MARK_RAN"><and><or><dbms type="mssql"/><dbms type="sybase"/></or><not><sqlCheck expectedResult="1">select count(1) from sysindexes where upper(name) = upper('K02_FCR_Report')</sqlCheck></not></and></preConditions>
    <createIndex tableName="FCR_Report" indexName="K02_FCR_Report" unique="true">
      <column name="ReportSysname"/>
    </createIndex>
  </changeSet>
  <changeSet id="1.01.44.65" author="ЛЕХАНОВ Д.Н." runInTransaction="false">
    <preConditions onFail="MARK_RAN"><and><not><dbms type="oracle"/><dbms type="db2"/><dbms type="mssql"/><dbms type="sybase"/></not><not><indexExists indexName="K02_FCR_Report"/></not></and></preConditions>
    <createIndex tableName="FCR_Report" indexName="K02_FCR_Report" unique="true">
      <column name="ReportSysname"/>
    </createIndex>
  </changeSet>
  <changeSet id="1.01.44.66" author="ЛЕХАНОВ Д.Н." runInTransaction="false">
    <preConditions onFail="MARK_RAN"><and><dbms type="oracle"/><sqlCheck expectedResult="1">select count(1) from user_tables where upper(table_name) = upper('tmpSessionVar')</sqlCheck></and></preConditions>
    <sql splitStatements="false">DECLARE
  v_SQLStr         VARCHAR2(255) := '';
BEGIN
  SELECT 'ALTER SESSION SET recyclebin = ' || UPPER(VarValue) into v_SQLStr
    FROM tmpSessionVar
   WHERE VarName = 'recyclebin';

  execute immediate v_SQLStr;
EXCEPTION
  WHEN OTHERS THEN NULL;
END;</sql>
  </changeSet>
  <changeSet id="1.01.44.67" author="ЛЕХАНОВ Д.Н." runInTransaction="false">
    <preConditions onFail="MARK_RAN"><and><or><dbms type="oracle"/><dbms type="db2"/></or><not><sqlCheck expectedResult="1">select count(1) from user_indexes where upper(index_name) = upper('K01_FCR_METHOD')</sqlCheck></not></and></preConditions>
    <createIndex tableName="FCR_Method" indexName="K01_FCR_METHOD" unique="true">
      <column name="MethodName"/>
      <column name="ServiceName"/>
    </createIndex>
  </changeSet>
  <changeSet id="1.01.44.68" author="ЛЕХАНОВ Д.Н." runInTransaction="false">
    <preConditions onFail="MARK_RAN"><and><or><dbms type="mssql"/><dbms type="sybase"/></or><not><sqlCheck expectedResult="1">select count(1) from sysindexes where upper(name) = upper('K01_FCR_METHOD')</sqlCheck></not></and></preConditions>
    <createIndex tableName="FCR_Method" indexName="K01_FCR_METHOD" unique="true">
      <column name="MethodName"/>
      <column name="ServiceName"/>
    </createIndex>
  </changeSet>
  <changeSet id="1.01.44.69" author="ЛЕХАНОВ Д.Н." runInTransaction="false">
    <preConditions onFail="MARK_RAN"><and><not><dbms type="oracle"/><dbms type="db2"/><dbms type="mssql"/><dbms type="sybase"/></not><not><indexExists indexName="K01_FCR_METHOD"/></not></and></preConditions>
    <createIndex tableName="FCR_Method" indexName="K01_FCR_METHOD" unique="true">
      <column name="MethodName"/>
      <column name="ServiceName"/>
    </createIndex>
  </changeSet>
  <changeSet id="1.01.44.70" author="ЛЕХАНОВ Д.Н." runInTransaction="false">
    <preConditions onFail="MARK_RAN"><and><dbms type="oracle"/><sqlCheck expectedResult="1">select count(1) from user_tables where upper(table_name) = upper('tmpSessionVar')</sqlCheck></and></preConditions>
    <sql splitStatements="false">DECLARE
  v_SQLStr         VARCHAR2(255) := '';
BEGIN
  SELECT 'ALTER SESSION SET recyclebin = ' || UPPER(VarValue) into v_SQLStr
    FROM tmpSessionVar
   WHERE VarName = 'recyclebin';

  execute immediate v_SQLStr;
EXCEPTION
  WHEN OTHERS THEN NULL;
END;</sql>
  </changeSet>
  <changeSet id="1.01.44.71" author="ЛЕХАНОВ Д.Н." runInTransaction="false">
    <preConditions onFail="MARK_RAN"><and><or><dbms type="oracle"/><dbms type="db2"/></or><not><sqlCheck expectedResult="1">select count(1) from user_indexes where upper(index_name) = upper('K01_FCR_RepMLink')</sqlCheck></not></and></preConditions>
    <createIndex tableName="FCR_RepMethodLink" indexName="K01_FCR_RepMLink" unique="false">
      <column name="ReportID"/>
    </createIndex>
  </changeSet>
  <changeSet id="1.01.44.72" author="ЛЕХАНОВ Д.Н." runInTransaction="false">
    <preConditions onFail="MARK_RAN"><and><or><dbms type="mssql"/><dbms type="sybase"/></or><not><sqlCheck expectedResult="1">select count(1) from sysindexes where upper(name) = upper('K01_FCR_RepMLink')</sqlCheck></not></and></preConditions>
    <createIndex tableName="FCR_RepMethodLink" indexName="K01_FCR_RepMLink" unique="false">
      <column name="ReportID"/>
    </createIndex>
  </changeSet>
  <changeSet id="1.01.44.73" author="ЛЕХАНОВ Д.Н." runInTransaction="false">
    <preConditions onFail="MARK_RAN"><and><not><dbms type="oracle"/><dbms type="db2"/><dbms type="mssql"/><dbms type="sybase"/></not><not><indexExists indexName="K01_FCR_RepMLink"/></not></and></preConditions>
    <createIndex tableName="FCR_RepMethodLink" indexName="K01_FCR_RepMLink" unique="false">
      <column name="ReportID"/>
    </createIndex>
  </changeSet>
  <changeSet id="1.01.44.74" author="ЛЕХАНОВ Д.Н." runInTransaction="false">
    <preConditions onFail="MARK_RAN"><and><dbms type="oracle"/><sqlCheck expectedResult="1">select count(1) from user_tables where upper(table_name) = upper('tmpSessionVar')</sqlCheck></and></preConditions>
    <sql splitStatements="false">DECLARE
  v_SQLStr         VARCHAR2(255) := '';
BEGIN
  SELECT 'ALTER SESSION SET recyclebin = ' || UPPER(VarValue) into v_SQLStr
    FROM tmpSessionVar
   WHERE VarName = 'recyclebin';

  execute immediate v_SQLStr;
EXCEPTION
  WHEN OTHERS THEN NULL;
END;</sql>
  </changeSet>
  <changeSet id="1.01.44.75" author="ЛЕХАНОВ Д.Н." runInTransaction="false">
    <preConditions onFail="MARK_RAN"><and><or><dbms type="oracle"/><dbms type="db2"/></or><not><sqlCheck expectedResult="1">select count(1) from user_indexes where upper(index_name) = upper('K02_FCR_RepMLink')</sqlCheck></not></and></preConditions>
    <createIndex tableName="FCR_RepMethodLink" indexName="K02_FCR_RepMLink" unique="false">
      <column name="MethodID"/>
    </createIndex>
  </changeSet>
  <changeSet id="1.01.44.76" author="ЛЕХАНОВ Д.Н." runInTransaction="false">
    <preConditions onFail="MARK_RAN"><and><or><dbms type="mssql"/><dbms type="sybase"/></or><not><sqlCheck expectedResult="1">select count(1) from sysindexes where upper(name) = upper('K02_FCR_RepMLink')</sqlCheck></not></and></preConditions>
    <createIndex tableName="FCR_RepMethodLink" indexName="K02_FCR_RepMLink" unique="false">
      <column name="MethodID"/>
    </createIndex>
  </changeSet>
  <changeSet id="1.01.44.77" author="ЛЕХАНОВ Д.Н." runInTransaction="false">
    <preConditions onFail="MARK_RAN"><and><not><dbms type="oracle"/><dbms type="db2"/><dbms type="mssql"/><dbms type="sybase"/></not><not><indexExists indexName="K02_FCR_RepMLink"/></not></and></preConditions>
    <createIndex tableName="FCR_RepMethodLink" indexName="K02_FCR_RepMLink" unique="false">
      <column name="MethodID"/>
    </createIndex>
  </changeSet>
  <changeSet id="1.01.44.78" author="ЛЕХАНОВ Д.Н." runInTransaction="false">
    <preConditions onFail="MARK_RAN"><and><dbms type="oracle"/><sqlCheck expectedResult="1">select count(1) from user_tables where upper(table_name) = upper('tmpSessionVar')</sqlCheck></and></preConditions>
    <sql splitStatements="false">DECLARE
  v_SQLStr         VARCHAR2(255) := '';
BEGIN
  SELECT 'ALTER SESSION SET recyclebin = ' || UPPER(VarValue) into v_SQLStr
    FROM tmpSessionVar
   WHERE VarName = 'recyclebin';

  execute immediate v_SQLStr;
EXCEPTION
  WHEN OTHERS THEN NULL;
END;</sql>
  </changeSet>
  <changeSet id="1.01.44.79" author="ЛЕХАНОВ Д.Н." runInTransaction="false">
    <preConditions onFail="MARK_RAN"><and><or><dbms type="oracle"/><dbms type="db2"/></or><not><sqlCheck expectedResult="1">select count(1) from user_indexes where upper(index_name) = upper('K01_FCR_OutMPrm')</sqlCheck></not></and></preConditions>
    <createIndex tableName="FCR_OutMethodPrm" indexName="K01_FCR_OutMPrm" unique="false">
      <column name="MethodID"/>
    </createIndex>
  </changeSet>
  <changeSet id="1.01.44.80" author="ЛЕХАНОВ Д.Н." runInTransaction="false">
    <preConditions onFail="MARK_RAN"><and><or><dbms type="mssql"/><dbms type="sybase"/></or><not><sqlCheck expectedResult="1">select count(1) from sysindexes where upper(name) = upper('K01_FCR_OutMPrm')</sqlCheck></not></and></preConditions>
    <createIndex tableName="FCR_OutMethodPrm" indexName="K01_FCR_OutMPrm" unique="false">
      <column name="MethodID"/>
    </createIndex>
  </changeSet>
  <changeSet id="1.01.44.81" author="ЛЕХАНОВ Д.Н." runInTransaction="false">
    <preConditions onFail="MARK_RAN"><and><not><dbms type="oracle"/><dbms type="db2"/><dbms type="mssql"/><dbms type="sybase"/></not><not><indexExists indexName="K01_FCR_OutMPrm"/></not></and></preConditions>
    <createIndex tableName="FCR_OutMethodPrm" indexName="K01_FCR_OutMPrm" unique="false">
      <column name="MethodID"/>
    </createIndex>
  </changeSet>
  <changeSet id="1.01.44.82" author="ЛЕХАНОВ Д.Н." runInTransaction="false">
    <preConditions onFail="MARK_RAN"><and><dbms type="oracle"/><sqlCheck expectedResult="1">select count(1) from user_tables where upper(table_name) = upper('tmpSessionVar')</sqlCheck></and></preConditions>
    <sql splitStatements="false">DECLARE
  v_SQLStr         VARCHAR2(255) := '';
BEGIN
  SELECT 'ALTER SESSION SET recyclebin = ' || UPPER(VarValue) into v_SQLStr
    FROM tmpSessionVar
   WHERE VarName = 'recyclebin';

  execute immediate v_SQLStr;
EXCEPTION
  WHEN OTHERS THEN NULL;
END;</sql>
  </changeSet>
  <changeSet id="1.01.44.83" author="ЛЕХАНОВ Д.Н." runInTransaction="false">
    <preConditions onFail="MARK_RAN"><and><or><dbms type="oracle"/><dbms type="db2"/></or><not><sqlCheck expectedResult="1">select count(1) from user_indexes where upper(index_name) = upper('K01_FCR_InMPrm')</sqlCheck></not></and></preConditions>
    <createIndex tableName="FCR_InMethodPrm" indexName="K01_FCR_InMPrm" unique="false">
      <column name="MethodID"/>
    </createIndex>
  </changeSet>
  <changeSet id="1.01.44.84" author="ЛЕХАНОВ Д.Н." runInTransaction="false">
    <preConditions onFail="MARK_RAN"><and><or><dbms type="mssql"/><dbms type="sybase"/></or><not><sqlCheck expectedResult="1">select count(1) from sysindexes where upper(name) = upper('K01_FCR_InMPrm')</sqlCheck></not></and></preConditions>
    <createIndex tableName="FCR_InMethodPrm" indexName="K01_FCR_InMPrm" unique="false">
      <column name="MethodID"/>
    </createIndex>
  </changeSet>
  <changeSet id="1.01.44.85" author="ЛЕХАНОВ Д.Н." runInTransaction="false">
    <preConditions onFail="MARK_RAN"><and><not><dbms type="oracle"/><dbms type="db2"/><dbms type="mssql"/><dbms type="sybase"/></not><not><indexExists indexName="K01_FCR_InMPrm"/></not></and></preConditions>
    <createIndex tableName="FCR_InMethodPrm" indexName="K01_FCR_InMPrm" unique="false">
      <column name="MethodID"/>
    </createIndex>
  </changeSet>
  <changeSet id="1.01.44.86" author="ЛЕХАНОВ Д.Н." runInTransaction="false">
    <preConditions onFail="MARK_RAN"><and><dbms type="oracle"/><sqlCheck expectedResult="1">select count(1) from user_tables where upper(table_name) = upper('tmpSessionVar')</sqlCheck></and></preConditions>
    <sql splitStatements="false">DECLARE
  v_SQLStr         VARCHAR2(255) := '';
BEGIN
  SELECT 'ALTER SESSION SET recyclebin = ' || UPPER(VarValue) into v_SQLStr
    FROM tmpSessionVar
   WHERE VarName = 'recyclebin';

  execute immediate v_SQLStr;
EXCEPTION
  WHEN OTHERS THEN NULL;
END;</sql>
  </changeSet>
  <changeSet id="1.01.44.87" author="ЛЕХАНОВ Д.Н." runInTransaction="false">
    <preConditions onFail="MARK_RAN"><and><or><dbms type="oracle"/><dbms type="db2"/></or><not><sqlCheck expectedResult="1">select count(1) from user_indexes where upper(index_name) = upper('K01_FCR_RepHist')</sqlCheck></not></and></preConditions>
    <createIndex tableName="FCR_ReportHistory" indexName="K01_FCR_RepHist" unique="false">
      <column name="ReportID"/>
    </createIndex>
  </changeSet>
  <changeSet id="1.01.44.88" author="ЛЕХАНОВ Д.Н." runInTransaction="false">
    <preConditions onFail="MARK_RAN"><and><or><dbms type="mssql"/><dbms type="sybase"/></or><not><sqlCheck expectedResult="1">select count(1) from sysindexes where upper(name) = upper('K01_FCR_RepHist')</sqlCheck></not></and></preConditions>
    <createIndex tableName="FCR_ReportHistory" indexName="K01_FCR_RepHist" unique="false">
      <column name="ReportID"/>
    </createIndex>
  </changeSet>
  <changeSet id="1.01.44.89" author="ЛЕХАНОВ Д.Н." runInTransaction="false">
    <preConditions onFail="MARK_RAN"><and><not><dbms type="oracle"/><dbms type="db2"/><dbms type="mssql"/><dbms type="sybase"/></not><not><indexExists indexName="K01_FCR_RepHist"/></not></and></preConditions>
    <createIndex tableName="FCR_ReportHistory" indexName="K01_FCR_RepHist" unique="false">
      <column name="ReportID"/>
    </createIndex>
  </changeSet>
  <changeSet id="1.01.44.90" author="ЛЕХАНОВ Д.Н." runInTransaction="false">
    <preConditions onFail="MARK_RAN"><and><dbms type="oracle"/><sqlCheck expectedResult="1">select count(1) from user_tables where upper(table_name) = upper('tmpSessionVar')</sqlCheck></and></preConditions>
    <sql splitStatements="false">DECLARE
  v_SQLStr         VARCHAR2(255) := '';
BEGIN
  SELECT 'ALTER SESSION SET recyclebin = ' || UPPER(VarValue) into v_SQLStr
    FROM tmpSessionVar
   WHERE VarName = 'recyclebin';

  execute immediate v_SQLStr;
EXCEPTION
  WHEN OTHERS THEN NULL;
END;</sql>
  </changeSet>
  <changeSet id="1.01.44.91" author="ЛЕХАНОВ Д.Н." runInTransaction="false">
    <preConditions onFail="MARK_RAN"><and><or><dbms type="oracle"/><dbms type="db2"/></or><not><sqlCheck expectedResult="1">select count(1) from user_indexes where upper(index_name) = upper('K01_FCR_Protocol')</sqlCheck></not></and></preConditions>
    <createIndex tableName="FCR_Protocol" indexName="K01_FCR_Protocol" unique="true">
      <column name="ReportHistoryID"/>
    </createIndex>
  </changeSet>
  <changeSet id="1.01.44.92" author="ЛЕХАНОВ Д.Н." runInTransaction="false">
    <preConditions onFail="MARK_RAN"><and><or><dbms type="mssql"/><dbms type="sybase"/></or><not><sqlCheck expectedResult="1">select count(1) from sysindexes where upper(name) = upper('K01_FCR_Protocol')</sqlCheck></not></and></preConditions>
    <createIndex tableName="FCR_Protocol" indexName="K01_FCR_Protocol" unique="true">
      <column name="ReportHistoryID"/>
    </createIndex>
  </changeSet>
  <changeSet id="1.01.44.93" author="ЛЕХАНОВ Д.Н." runInTransaction="false">
    <preConditions onFail="MARK_RAN"><and><not><dbms type="oracle"/><dbms type="db2"/><dbms type="mssql"/><dbms type="sybase"/></not><not><indexExists indexName="K01_FCR_Protocol"/></not></and></preConditions>
    <createIndex tableName="FCR_Protocol" indexName="K01_FCR_Protocol" unique="true">
      <column name="ReportHistoryID"/>
    </createIndex>
  </changeSet>
  <changeSet id="1.01.44.94" author="ЛЕХАНОВ Д.Н." runInTransaction="false">
    <preConditions onFail="MARK_RAN"><and><dbms type="oracle"/><sqlCheck expectedResult="1">select count(1) from user_tables where upper(table_name) = upper('tmpSessionVar')</sqlCheck></and></preConditions>
    <sql splitStatements="false">DECLARE
  v_SQLStr         VARCHAR2(255) := '';
BEGIN
  SELECT 'ALTER SESSION SET recyclebin = ' || UPPER(VarValue) into v_SQLStr
    FROM tmpSessionVar
   WHERE VarName = 'recyclebin';

  execute immediate v_SQLStr;
EXCEPTION
  WHEN OTHERS THEN NULL;
END;</sql>
  </changeSet>
  <changeSet id="1.01.44.95" author="ЛЕХАНОВ Д.Н." runInTransaction="false">
    <preConditions onFail="MARK_RAN"><and><or><dbms type="oracle"/><dbms type="db2"/></or><not><sqlCheck expectedResult="1">select count(1) from user_indexes where upper(index_name) = upper('K03_FCR_Report')</sqlCheck></not></and></preConditions>
    <createIndex tableName="FCR_Report" indexName="K03_FCR_Report" unique="false">
      <column name="UserLogin"/>
    </createIndex>
  </changeSet>
  <changeSet id="1.01.44.96" author="ЛЕХАНОВ Д.Н." runInTransaction="false">
    <preConditions onFail="MARK_RAN"><and><or><dbms type="mssql"/><dbms type="sybase"/></or><not><sqlCheck expectedResult="1">select count(1) from sysindexes where upper(name) = upper('K03_FCR_Report')</sqlCheck></not></and></preConditions>
    <createIndex tableName="FCR_Report" indexName="K03_FCR_Report" unique="false">
      <column name="UserLogin"/>
    </createIndex>
  </changeSet>
  <changeSet id="1.01.44.97" author="ЛЕХАНОВ Д.Н." runInTransaction="false">
    <preConditions onFail="MARK_RAN"><and><not><dbms type="oracle"/><dbms type="db2"/><dbms type="mssql"/><dbms type="sybase"/></not><not><indexExists indexName="K03_FCR_Report"/></not></and></preConditions>
    <createIndex tableName="FCR_Report" indexName="K03_FCR_Report" unique="false">
      <column name="UserLogin"/>
    </createIndex>
  </changeSet>
  <changeSet id="1.01.44.98" author="ЛЕХАНОВ Д.Н." runInTransaction="false">
    <preConditions onFail="MARK_RAN"><and><dbms type="oracle"/><sqlCheck expectedResult="1">select count(1) from user_tables where upper(table_name) = upper('tmpSessionVar')</sqlCheck></and></preConditions>
    <sql splitStatements="false">DECLARE
  v_SQLStr         VARCHAR2(255) := '';
BEGIN
  SELECT 'ALTER SESSION SET recyclebin = ' || UPPER(VarValue) into v_SQLStr
    FROM tmpSessionVar
   WHERE VarName = 'recyclebin';

  execute immediate v_SQLStr;
EXCEPTION
  WHEN OTHERS THEN NULL;
END;</sql>
  </changeSet>
  <changeSet id="1.01.44.99" author="ЛЕХАНОВ Д.Н." runInTransaction="false">
    <preConditions onFail="MARK_RAN"><and><or><dbms type="oracle"/><dbms type="db2"/></or><not><sqlCheck expectedResult="1">select count(1) from user_indexes where upper(index_name) = upper('K02_FCR_RepHist')</sqlCheck></not></and></preConditions>
    <createIndex tableName="FCR_ReportHistory" indexName="K02_FCR_RepHist" unique="false">
      <column name="UserLogin"/>
    </createIndex>
  </changeSet>
  <changeSet id="1.01.44.100" author="ЛЕХАНОВ Д.Н." runInTransaction="false">
    <preConditions onFail="MARK_RAN"><and><or><dbms type="mssql"/><dbms type="sybase"/></or><not><sqlCheck expectedResult="1">select count(1) from sysindexes where upper(name) = upper('K02_FCR_RepHist')</sqlCheck></not></and></preConditions>
    <createIndex tableName="FCR_ReportHistory" indexName="K02_FCR_RepHist" unique="false">
      <column name="UserLogin"/>
    </createIndex>
  </changeSet>
  <changeSet id="1.01.44.101" author="ЛЕХАНОВ Д.Н." runInTransaction="false">
    <preConditions onFail="MARK_RAN"><and><not><dbms type="oracle"/><dbms type="db2"/><dbms type="mssql"/><dbms type="sybase"/></not><not><indexExists indexName="K02_FCR_RepHist"/></not></and></preConditions>
    <createIndex tableName="FCR_ReportHistory" indexName="K02_FCR_RepHist" unique="false">
      <column name="UserLogin"/>
    </createIndex>
  </changeSet>
  <changeSet id="1.01.44.102" author="ЛЕХАНОВ Д.Н." runInTransaction="false">
    <preConditions onFail="MARK_RAN"><and><dbms type="oracle"/><sqlCheck expectedResult="1">select count(1) from user_tables where upper(table_name) = upper('tmpSessionVar')</sqlCheck></and></preConditions>
    <sql splitStatements="false">DECLARE
  v_SQLStr         VARCHAR2(255) := '';
BEGIN
  SELECT 'ALTER SESSION SET recyclebin = ' || UPPER(VarValue) into v_SQLStr
    FROM tmpSessionVar
   WHERE VarName = 'recyclebin';

  execute immediate v_SQLStr;
EXCEPTION
  WHEN OTHERS THEN NULL;
END;</sql>
  </changeSet>
</databaseChangeLog>
