<?xml version="1.0" encoding="UTF-8"?>
<databaseChangeLog xmlns="http://www.liquibase.org/xml/ns/dbchangelog/1.9" xmlns:xsi="http://www.w3.org/2001/XMLSchema-instance" xsi:schemaLocation="http://www.liquibase.org/xml/ns/dbchangelog/1.9 http://www.liquibase.org/xml/ns/dbchangelog/dbchangelog-1.9.xsd">
  <!--
/* Конвертор создан по заявке 15012.00
   

   Исходный код сгенерирован автоматически! Не изменять!!!

   Автор заявки   - САФОНОВ А.С.
   Дата генерации - 19/05/2015

   (C)opyright 2015, FLEXTERA
   All Rights Reserved
*/
-->
  <changeSet id="1.01.48.1" author="САФОНОВ А.С." runInTransaction="false">
    <preConditions onFail="MARK_RAN"><and><dbms type="oracle"/><not><sqlCheck expectedResult="1">select count(1) from user_tables where upper(table_name) = upper('tmpSessionVar')</sqlCheck></not></and></preConditions>
    <sql splitStatements="false">BEGIN
  execute immediate 'CREATE GLOBAL TEMPORARY TABLE tmpSessionVar(VarName VARCHAR2(255), VarValue VARCHAR2(255))ON COMMIT PRESERVE ROWS';
END;</sql>
  </changeSet>
  <changeSet id="1.01.48.2" author="САФОНОВ А.С." runInTransaction="false">
    <preConditions onFail="MARK_RAN"><and><dbms type="oracle"/></and></preConditions>
    <sql splitStatements="false">DECLARE
  v_recyclebin_val VARCHAR2(255) := '';
BEGIN
  SELECT value into v_recyclebin_val
    FROM v$parameter
   WHERE name = 'recyclebin';

  UPDATE tmpSessionVar
     SET VarValue = v_recyclebin_val
   WHERE UPPER(VarName) = UPPER('recyclebin');
  IF SQL%NOTFOUND THEN
    INSERT INTO tmpSessionVar (VarName, VarValue)
         VALUES ('recyclebin', v_recyclebin_val);
  END IF;
END;</sql>
  </changeSet>
  <changeSet id="1.01.48.3" author="САФОНОВ А.С." runInTransaction="false">
    <preConditions onFail="MARK_RAN"><and><or><dbms type="oracle"/><dbms type="db2"/></or><not><sqlCheck expectedResult="1">select count(1) from user_tables where upper(table_name) = upper('FCR_ReportGroup')</sqlCheck></not></and></preConditions>
    <createTable tableName="FCR_ReportGroup">
      <column name="ReportGroupID" type="NUMERIC(19, 0)" defaultValueNumeric="0" remarks="Идентификатор группы отчетов" autoIncrement="false">
        <constraints nullable="false"/>
      </column>
      <column name="SysName" type="VARCHAR(255)" defaultValue=" " remarks="Системное наименование" autoIncrement="false">
        <constraints nullable="false"/>
      </column>
      <column name="Name" type="VARCHAR(255)" defaultValue=" " remarks="Наименование" autoIncrement="false">
        <constraints nullable="false"/>
      </column>
      <column name="Description" type="VARCHAR(255)" remarks="Описание" autoIncrement="false">
        <constraints nullable="true"/>
      </column>
    </createTable>
  </changeSet>
  <changeSet id="1.01.48.4" author="САФОНОВ А.С." runInTransaction="false">
    <preConditions onFail="MARK_RAN"><and><or><dbms type="mssql"/><dbms type="sybase"/></or><not><sqlCheck expectedResult="1">select count(1) from sysobjects where upper(name) = upper('FCR_ReportGroup')</sqlCheck></not></and></preConditions>
    <createTable tableName="FCR_ReportGroup">
      <column name="ReportGroupID" type="NUMERIC(19, 0)" defaultValueNumeric="0" remarks="Идентификатор группы отчетов" autoIncrement="false">
        <constraints nullable="false"/>
      </column>
      <column name="SysName" type="VARCHAR(255)" defaultValue=" " remarks="Системное наименование" autoIncrement="false">
        <constraints nullable="false"/>
      </column>
      <column name="Name" type="VARCHAR(255)" defaultValue=" " remarks="Наименование" autoIncrement="false">
        <constraints nullable="false"/>
      </column>
      <column name="Description" type="VARCHAR(255)" remarks="Описание" autoIncrement="false">
        <constraints nullable="true"/>
      </column>
    </createTable>
  </changeSet>
  <changeSet id="1.01.48.5" author="САФОНОВ А.С." runInTransaction="false">
    <preConditions onFail="MARK_RAN"><and><not><dbms type="oracle"/><dbms type="db2"/><dbms type="mssql"/><dbms type="sybase"/></not><not><tableExists tableName="FCR_ReportGroup"/></not></and></preConditions>
    <createTable tableName="FCR_ReportGroup">
      <column name="ReportGroupID" type="NUMERIC(19, 0)" defaultValueNumeric="0" remarks="Идентификатор группы отчетов" autoIncrement="false">
        <constraints nullable="false"/>
      </column>
      <column name="SysName" type="VARCHAR(255)" defaultValue=" " remarks="Системное наименование" autoIncrement="false">
        <constraints nullable="false"/>
      </column>
      <column name="Name" type="VARCHAR(255)" defaultValue=" " remarks="Наименование" autoIncrement="false">
        <constraints nullable="false"/>
      </column>
      <column name="Description" type="VARCHAR(255)" remarks="Описание" autoIncrement="false">
        <constraints nullable="true"/>
      </column>
    </createTable>
  </changeSet>
  <changeSet id="1.01.48.6" author="САФОНОВ А.С." runInTransaction="false">
    <preConditions onFail="MARK_RAN"><and><dbms type="oracle"/><sqlCheck expectedResult="1">select count(1) from user_tables where upper(table_name) = upper('tmpSessionVar')</sqlCheck></and></preConditions>
    <sql splitStatements="false">DECLARE
  v_SQLStr         VARCHAR2(255) := '';
BEGIN
  SELECT 'ALTER SESSION SET recyclebin = ' || UPPER(VarValue) into v_SQLStr
    FROM tmpSessionVar
   WHERE VarName = 'recyclebin';

  execute immediate v_SQLStr;
EXCEPTION
  WHEN OTHERS THEN NULL;
END;</sql>
  </changeSet>
  <changeSet id="1.01.48.7" author="САФОНОВ А.С." runInTransaction="false">
    <preConditions onFail="MARK_RAN"><and><or><dbms type="oracle"/><dbms type="db2"/></or><not><sqlCheck expectedResult="1">select count(1) from user_indexes where upper(index_name) = upper('PK_FCR_ReportGroup')</sqlCheck></not></and></preConditions>
    <createIndex tableName="FCR_ReportGroup" indexName="PK_FCR_ReportGroup" unique="true">
      <column name="ReportGroupID"/>
    </createIndex>
  </changeSet>
  <changeSet id="1.01.48.8" author="САФОНОВ А.С." runInTransaction="false">
    <preConditions onFail="MARK_RAN"><and><or><dbms type="mssql"/><dbms type="sybase"/></or><not><sqlCheck expectedResult="1">select count(1) from sysindexes where upper(name) = upper('PK_FCR_ReportGroup')</sqlCheck></not></and></preConditions>
    <createIndex tableName="FCR_ReportGroup" indexName="PK_FCR_ReportGroup" unique="true">
      <column name="ReportGroupID"/>
    </createIndex>
  </changeSet>
  <changeSet id="1.01.48.9" author="САФОНОВ А.С." runInTransaction="false">
    <preConditions onFail="MARK_RAN"><and><not><dbms type="oracle"/><dbms type="db2"/><dbms type="mssql"/><dbms type="sybase"/></not><not><indexExists indexName="PK_FCR_ReportGroup"/></not></and></preConditions>
    <createIndex tableName="FCR_ReportGroup" indexName="PK_FCR_ReportGroup" unique="true">
      <column name="ReportGroupID"/>
    </createIndex>
  </changeSet>
  <changeSet id="1.01.48.10" author="САФОНОВ А.С." runInTransaction="false">
    <preConditions onFail="MARK_RAN"><and><dbms type="oracle"/><sqlCheck expectedResult="1">select count(1) from user_tables where upper(table_name) = upper('tmpSessionVar')</sqlCheck></and></preConditions>
    <sql splitStatements="false">DECLARE
  v_SQLStr         VARCHAR2(255) := '';
BEGIN
  SELECT 'ALTER SESSION SET recyclebin = ' || UPPER(VarValue) into v_SQLStr
    FROM tmpSessionVar
   WHERE VarName = 'recyclebin';

  execute immediate v_SQLStr;
EXCEPTION
  WHEN OTHERS THEN NULL;
END;</sql>
  </changeSet>
  <changeSet id="1.01.48.11" author="САФОНОВ А.С." runInTransaction="false">
    <preConditions onFail="MARK_RAN"><and><or><dbms type="oracle"/><dbms type="db2"/></or><not><sqlCheck expectedResult="1">select count(1) from user_indexes where upper(index_name) = upper('K01_FCR_ReportGroup')</sqlCheck></not></and></preConditions>
    <createIndex tableName="FCR_ReportGroup" indexName="K01_FCR_ReportGroup" unique="true">
      <column name="SysName"/>
    </createIndex>
  </changeSet>
  <changeSet id="1.01.48.12" author="САФОНОВ А.С." runInTransaction="false">
    <preConditions onFail="MARK_RAN"><and><or><dbms type="mssql"/><dbms type="sybase"/></or><not><sqlCheck expectedResult="1">select count(1) from sysindexes where upper(name) = upper('K01_FCR_ReportGroup')</sqlCheck></not></and></preConditions>
    <createIndex tableName="FCR_ReportGroup" indexName="K01_FCR_ReportGroup" unique="true">
      <column name="SysName"/>
    </createIndex>
  </changeSet>
  <changeSet id="1.01.48.13" author="САФОНОВ А.С." runInTransaction="false">
    <preConditions onFail="MARK_RAN"><and><not><dbms type="oracle"/><dbms type="db2"/><dbms type="mssql"/><dbms type="sybase"/></not><not><indexExists indexName="K01_FCR_ReportGroup"/></not></and></preConditions>
    <createIndex tableName="FCR_ReportGroup" indexName="K01_FCR_ReportGroup" unique="true">
      <column name="SysName"/>
    </createIndex>
  </changeSet>
  <changeSet id="1.01.48.14" author="САФОНОВ А.С." runInTransaction="false">
    <preConditions onFail="MARK_RAN"><and><dbms type="oracle"/><sqlCheck expectedResult="1">select count(1) from user_tables where upper(table_name) = upper('tmpSessionVar')</sqlCheck></and></preConditions>
    <sql splitStatements="false">DECLARE
  v_SQLStr         VARCHAR2(255) := '';
BEGIN
  SELECT 'ALTER SESSION SET recyclebin = ' || UPPER(VarValue) into v_SQLStr
    FROM tmpSessionVar
   WHERE VarName = 'recyclebin';

  execute immediate v_SQLStr;
EXCEPTION
  WHEN OTHERS THEN NULL;
END;</sql>
  </changeSet>
  <changeSet id="1.01.48.15" author="САФОНОВ А.С." runInTransaction="false">
    <preConditions onFail="MARK_RAN"><and><or><dbms type="oracle"/><dbms type="db2"/></or><not><sqlCheck expectedResult="1">select count(1) from user_indexes where upper(index_name) = upper('K02_FCR_ReportGroup')</sqlCheck></not></and></preConditions>
    <createIndex tableName="FCR_ReportGroup" indexName="K02_FCR_ReportGroup" unique="true">
      <column name="Name"/>
    </createIndex>
  </changeSet>
  <changeSet id="1.01.48.16" author="САФОНОВ А.С." runInTransaction="false">
    <preConditions onFail="MARK_RAN"><and><or><dbms type="mssql"/><dbms type="sybase"/></or><not><sqlCheck expectedResult="1">select count(1) from sysindexes where upper(name) = upper('K02_FCR_ReportGroup')</sqlCheck></not></and></preConditions>
    <createIndex tableName="FCR_ReportGroup" indexName="K02_FCR_ReportGroup" unique="true">
      <column name="Name"/>
    </createIndex>
  </changeSet>
  <changeSet id="1.01.48.17" author="САФОНОВ А.С." runInTransaction="false">
    <preConditions onFail="MARK_RAN"><and><not><dbms type="oracle"/><dbms type="db2"/><dbms type="mssql"/><dbms type="sybase"/></not><not><indexExists indexName="K02_FCR_ReportGroup"/></not></and></preConditions>
    <createIndex tableName="FCR_ReportGroup" indexName="K02_FCR_ReportGroup" unique="true">
      <column name="Name"/>
    </createIndex>
  </changeSet>
  <changeSet id="1.01.48.18" author="САФОНОВ А.С." runInTransaction="false">
    <preConditions onFail="MARK_RAN"><and><dbms type="oracle"/><sqlCheck expectedResult="1">select count(1) from user_tables where upper(table_name) = upper('tmpSessionVar')</sqlCheck></and></preConditions>
    <sql splitStatements="false">DECLARE
  v_SQLStr         VARCHAR2(255) := '';
BEGIN
  SELECT 'ALTER SESSION SET recyclebin = ' || UPPER(VarValue) into v_SQLStr
    FROM tmpSessionVar
   WHERE VarName = 'recyclebin';

  execute immediate v_SQLStr;
EXCEPTION
  WHEN OTHERS THEN NULL;
END;</sql>
  </changeSet>
  <changeSet id="1.01.48.19" author="САФОНОВ А.С." runInTransaction="false">
    <preConditions onFail="MARK_RAN"><and><or><dbms type="oracle"/><dbms type="db2"/></or><not><sqlCheck expectedResult="1">select count(1) from user_tab_columns where upper(table_name) = upper('FCR_Report') and upper(column_name) = upper('ReportGroupID')</sqlCheck></not></and></preConditions>
    <addColumn tableName="FCR_Report">
      <column name="ReportGroupID" type="NUMERIC(19, 0)" remarks="Идентификатор группы отчетов" autoIncrement="false">
        <constraints nullable="true"/>
      </column>
    </addColumn>
  </changeSet>
  <changeSet id="1.01.48.20" author="САФОНОВ А.С." runInTransaction="false">
    <preConditions onFail="MARK_RAN"><and><or><dbms type="mssql"/><dbms type="sybase"/></or><not><sqlCheck expectedResult="1">select count(1) from syscolumns where id = object_id('FCR_Report') and upper(name) = upper('ReportGroupID')</sqlCheck></not></and></preConditions>
    <addColumn tableName="FCR_Report">
      <column name="ReportGroupID" type="NUMERIC(19, 0)" remarks="Идентификатор группы отчетов" autoIncrement="false">
        <constraints nullable="true"/>
      </column>
    </addColumn>
  </changeSet>
  <changeSet id="1.01.48.21" author="САФОНОВ А.С." runInTransaction="false">
    <preConditions onFail="MARK_RAN"><and><not><dbms type="oracle"/><dbms type="db2"/><dbms type="mssql"/><dbms type="sybase"/></not><not><columnExists tableName="FCR_Report" columnName="ReportGroupID"/></not></and></preConditions>
    <addColumn tableName="FCR_Report">
      <column name="ReportGroupID" type="NUMERIC(19, 0)" remarks="Идентификатор группы отчетов" autoIncrement="false">
        <constraints nullable="true"/>
      </column>
    </addColumn>
  </changeSet>
  <changeSet id="1.01.48.22" author="САФОНОВ А.С." runInTransaction="false">
    <preConditions onFail="MARK_RAN"><and><dbms type="oracle"/><sqlCheck expectedResult="1">select count(1) from user_tables where upper(table_name) = upper('tmpSessionVar')</sqlCheck></and></preConditions>
    <sql splitStatements="false">DECLARE
  v_SQLStr         VARCHAR2(255) := '';
BEGIN
  SELECT 'ALTER SESSION SET recyclebin = ' || UPPER(VarValue) into v_SQLStr
    FROM tmpSessionVar
   WHERE VarName = 'recyclebin';

  execute immediate v_SQLStr;
EXCEPTION
  WHEN OTHERS THEN NULL;
END;</sql>
  </changeSet>
  <changeSet id="1.01.48.23" author="САФОНОВ А.С." runInTransaction="false">
    <preConditions onFail="MARK_RAN"><and><or><dbms type="oracle"/><dbms type="db2"/></or><not><sqlCheck expectedResult="1">select count(1) from user_indexes where upper(index_name) = upper('K04_FCR_Report')</sqlCheck></not></and></preConditions>
    <createIndex tableName="FCR_Report" indexName="K04_FCR_Report" unique="false">
      <column name="ReportGroupID"/>
    </createIndex>
  </changeSet>
  <changeSet id="1.01.48.24" author="САФОНОВ А.С." runInTransaction="false">
    <preConditions onFail="MARK_RAN"><and><or><dbms type="mssql"/><dbms type="sybase"/></or><not><sqlCheck expectedResult="1">select count(1) from sysindexes where upper(name) = upper('K04_FCR_Report')</sqlCheck></not></and></preConditions>
    <createIndex tableName="FCR_Report" indexName="K04_FCR_Report" unique="false">
      <column name="ReportGroupID"/>
    </createIndex>
  </changeSet>
  <changeSet id="1.01.48.25" author="САФОНОВ А.С." runInTransaction="false">
    <preConditions onFail="MARK_RAN"><and><not><dbms type="oracle"/><dbms type="db2"/><dbms type="mssql"/><dbms type="sybase"/></not><not><indexExists indexName="K04_FCR_Report"/></not></and></preConditions>
    <createIndex tableName="FCR_Report" indexName="K04_FCR_Report" unique="false">
      <column name="ReportGroupID"/>
    </createIndex>
  </changeSet>
  <changeSet id="1.01.48.26" author="САФОНОВ А.С." runInTransaction="false">
    <preConditions onFail="MARK_RAN"><and><dbms type="oracle"/><sqlCheck expectedResult="1">select count(1) from user_tables where upper(table_name) = upper('tmpSessionVar')</sqlCheck></and></preConditions>
    <sql splitStatements="false">DECLARE
  v_SQLStr         VARCHAR2(255) := '';
BEGIN
  SELECT 'ALTER SESSION SET recyclebin = ' || UPPER(VarValue) into v_SQLStr
    FROM tmpSessionVar
   WHERE VarName = 'recyclebin';

  execute immediate v_SQLStr;
EXCEPTION
  WHEN OTHERS THEN NULL;
END;</sql>
  </changeSet>
</databaseChangeLog>
