<?xml version="1.0" encoding="UTF-8"?>
<databaseChangeLog xmlns="http://www.liquibase.org/xml/ns/dbchangelog/1.9" xmlns:xsi="http://www.w3.org/2001/XMLSchema-instance" xsi:schemaLocation="http://www.liquibase.org/xml/ns/dbchangelog/1.9 http://www.liquibase.org/xml/ns/dbchangelog/dbchangelog-1.9.xsd">
  <!--
/* Конвертор создан по заявке 0.00


   Исходный код сгенерирован автоматически! Не изменять!!!

   Автор заявки   - ЛЕХАНОВ Д.Н.
   Дата генерации - 09/04/2015

   (C)opyright 2015, FLEXTERA
   All Rights Reserved
*/
-->
  <changeSet id="1.01.46.1" author="ЛЕХАНОВ Д.Н." runInTransaction="false">
    <preConditions onFail="MARK_RAN"><and><dbms type="oracle"/><not><sqlCheck expectedResult="1">select count(1) from user_tables where upper(table_name) = upper('tmpSessionVar')</sqlCheck></not></and></preConditions>
    <sql splitStatements="false">BEGIN
  execute immediate 'CREATE GLOBAL TEMPORARY TABLE tmpSessionVar(VarName VARCHAR2(255), VarValue VARCHAR2(255))ON COMMIT PRESERVE ROWS';
END;</sql>
  </changeSet>
  <changeSet id="1.01.46.2" author="ЛЕХАНОВ Д.Н." runInTransaction="false">
    <preConditions onFail="MARK_RAN"><and><dbms type="oracle"/></and></preConditions>
    <sql splitStatements="false">DECLARE
  v_recyclebin_val VARCHAR2(255) := '';
BEGIN
  SELECT value into v_recyclebin_val
    FROM v$parameter
   WHERE name = 'recyclebin';

  UPDATE tmpSessionVar
     SET VarValue = v_recyclebin_val
   WHERE UPPER(VarName) = UPPER('recyclebin');
  IF SQL%NOTFOUND THEN
    INSERT INTO tmpSessionVar (VarName, VarValue)
         VALUES ('recyclebin', v_recyclebin_val);
  END IF;
END;</sql>
  </changeSet>
  <changeSet id="1.01.46.3" author="ЛЕХАНОВ Д.Н." runInTransaction="false">
    <preConditions onFail="MARK_RAN"><and><or><dbms type="oracle"/><dbms type="db2"/></or><not><sqlCheck expectedResult="1">select count(1) from user_tab_columns where upper(table_name) = upper('FCR_Report') and upper(column_name) = upper('ConfigPath')</sqlCheck></not></and></preConditions>
    <addColumn tableName="FCR_Report">
      <column name="ConfigPath" type="VARCHAR(1954)" remarks="Путь и наименование конфигурационного файла" autoIncrement="false">
        <constraints nullable="true"/>
      </column>
    </addColumn>
  </changeSet>
  <changeSet id="1.01.46.4" author="ЛЕХАНОВ Д.Н." runInTransaction="false">
    <preConditions onFail="MARK_RAN"><and><or><dbms type="mssql"/><dbms type="sybase"/></or><not><sqlCheck expectedResult="1">select count(1) from syscolumns where id = object_id('FCR_Report') and upper(name) = upper('ConfigPath')</sqlCheck></not></and></preConditions>
    <addColumn tableName="FCR_Report">
      <column name="ConfigPath" type="VARCHAR(1954)" remarks="Путь и наименование конфигурационного файла" autoIncrement="false">
        <constraints nullable="true"/>
      </column>
    </addColumn>
  </changeSet>
  <changeSet id="1.01.46.5" author="ЛЕХАНОВ Д.Н." runInTransaction="false">
    <preConditions onFail="MARK_RAN"><and><not><dbms type="oracle"/><dbms type="db2"/><dbms type="mssql"/><dbms type="sybase"/></not><not><columnExists tableName="FCR_Report" columnName="ConfigPath"/></not></and></preConditions>
    <addColumn tableName="FCR_Report">
      <column name="ConfigPath" type="VARCHAR(1954)" remarks="Путь и наименование конфигурационного файла" autoIncrement="false">
        <constraints nullable="true"/>
      </column>
    </addColumn>
  </changeSet>
  <changeSet id="1.01.46.6" author="ЛЕХАНОВ Д.Н." runInTransaction="false">
    <preConditions onFail="MARK_RAN"><and><dbms type="oracle"/><sqlCheck expectedResult="1">select count(1) from user_tables where upper(table_name) = upper('tmpSessionVar')</sqlCheck></and></preConditions>
    <sql splitStatements="false">DECLARE
  v_SQLStr         VARCHAR2(255) := '';
BEGIN
  SELECT 'ALTER SESSION SET recyclebin = ' || UPPER(VarValue) into v_SQLStr
    FROM tmpSessionVar
   WHERE VarName = 'recyclebin';

  execute immediate v_SQLStr;
EXCEPTION
  WHEN OTHERS THEN NULL;
END;</sql>
  </changeSet>
</databaseChangeLog>