<?xml version="1.0" encoding="UTF-8"?>
<databaseChangeLog xmlns="http://www.liquibase.org/xml/ns/dbchangelog/1.9" xmlns:xsi="http://www.w3.org/2001/XMLSchema-instance" xsi:schemaLocation="http://www.liquibase.org/xml/ns/dbchangelog/1.9 http://www.liquibase.org/xml/ns/dbchangelog/dbchangelog-1.9.xsd">
  <!--
/* Конвертор создан по заявке 15246.00
   Таблица для хранения связи между столбцами и именами параметров API (для параметров с именами больше 30 символов)

   Исходный код сгенерирован автоматически! Не изменять!!!

   Автор заявки   - ЛЕХАНОВ Д.Н.
   Дата генерации - 16/09/2015

   (C)opyright 2015, FLEXTERA
   All Rights Reserved
*/
-->
  <changeSet id="1.01.51.1" author="ЛЕХАНОВ Д.Н." runInTransaction="false">
    <preConditions onFail="MARK_RAN"><and><dbms type="oracle"/><not><sqlCheck expectedResult="1">select count(1) from user_tables where upper(table_name) = upper('tmpSessionVar')</sqlCheck></not></and></preConditions>
    <sql splitStatements="false">BEGIN
  execute immediate 'CREATE GLOBAL TEMPORARY TABLE tmpSessionVar(VarName VARCHAR2(255), VarValue VARCHAR2(255))ON COMMIT PRESERVE ROWS';
END;</sql>
  </changeSet>
  <changeSet id="1.01.51.2" author="ЛЕХАНОВ Д.Н." runInTransaction="false">
    <preConditions onFail="MARK_RAN"><and><dbms type="oracle"/></and></preConditions>
    <sql splitStatements="false">DECLARE
  v_recyclebin_val VARCHAR2(255) := '';
BEGIN
  SELECT value into v_recyclebin_val
    FROM v$parameter
   WHERE name = 'recyclebin';

  UPDATE tmpSessionVar
     SET VarValue = v_recyclebin_val
   WHERE UPPER(VarName) = UPPER('recyclebin');
  IF SQL%NOTFOUND THEN
    INSERT INTO tmpSessionVar (VarName, VarValue)
         VALUES ('recyclebin', v_recyclebin_val);
  END IF;
END;</sql>
  </changeSet>
  <changeSet id="1.01.51.3" author="ЛЕХАНОВ Д.Н." runInTransaction="false">
    <preConditions onFail="MARK_RAN"><and><or><dbms type="oracle"/><dbms type="db2"/></or><not><sqlCheck expectedResult="1">select count(1) from user_tables where upper(table_name) = upper('FCR_ColumnAliases')</sqlCheck></not></and></preConditions>
    <createTable tableName="FCR_ColumnAliases">
      <column name="ParameterName" type="VARCHAR(255)" defaultValue=" " remarks="Наименование параметра" autoIncrement="false">
        <constraints nullable="false"/>
      </column>
      <column name="ColumnName" type="VARCHAR(255)" defaultValue=" " remarks="Наименование столбца" autoIncrement="false">
        <constraints nullable="false"/>
      </column>
    </createTable>
  </changeSet>
  <changeSet id="1.01.51.4" author="ЛЕХАНОВ Д.Н." runInTransaction="false">
    <preConditions onFail="MARK_RAN"><and><or><dbms type="mssql"/><dbms type="sybase"/></or><not><sqlCheck expectedResult="1">select count(1) from sysobjects where upper(name) = upper('FCR_ColumnAliases')</sqlCheck></not></and></preConditions>
    <createTable tableName="FCR_ColumnAliases">
      <column name="ParameterName" type="VARCHAR(255)" defaultValue=" " remarks="Наименование параметра" autoIncrement="false">
        <constraints nullable="false"/>
      </column>
      <column name="ColumnName" type="VARCHAR(255)" defaultValue=" " remarks="Наименование столбца" autoIncrement="false">
        <constraints nullable="false"/>
      </column>
    </createTable>
  </changeSet>
  <changeSet id="1.01.51.5" author="ЛЕХАНОВ Д.Н." runInTransaction="false">
    <preConditions onFail="MARK_RAN"><and><not><dbms type="oracle"/><dbms type="db2"/><dbms type="mssql"/><dbms type="sybase"/></not><not><tableExists tableName="FCR_ColumnAliases"/></not></and></preConditions>
    <createTable tableName="FCR_ColumnAliases">
      <column name="ParameterName" type="VARCHAR(255)" defaultValue=" " remarks="Наименование параметра" autoIncrement="false">
        <constraints nullable="false"/>
      </column>
      <column name="ColumnName" type="VARCHAR(255)" defaultValue=" " remarks="Наименование столбца" autoIncrement="false">
        <constraints nullable="false"/>
      </column>
    </createTable>
  </changeSet>
  <changeSet id="1.01.51.6" author="ЛЕХАНОВ Д.Н." runInTransaction="false">
    <preConditions onFail="MARK_RAN"><and><dbms type="oracle"/><sqlCheck expectedResult="1">select count(1) from user_tables where upper(table_name) = upper('tmpSessionVar')</sqlCheck></and></preConditions>
    <sql splitStatements="false">DECLARE
  v_SQLStr         VARCHAR2(255) := '';
BEGIN
  SELECT 'ALTER SESSION SET recyclebin = ' || UPPER(VarValue) into v_SQLStr
    FROM tmpSessionVar
   WHERE VarName = 'recyclebin';

  execute immediate v_SQLStr;
EXCEPTION
  WHEN OTHERS THEN NULL;
END;</sql>
  </changeSet>
  <changeSet id="1.01.51.7" author="ЛЕХАНОВ Д.Н." runInTransaction="false">
    <preConditions onFail="MARK_RAN"><and><or><dbms type="oracle"/><dbms type="db2"/></or><not><sqlCheck expectedResult="1">select count(1) from user_indexes where upper(index_name) = upper('K01_ColAliases')</sqlCheck></not></and></preConditions>
    <createIndex tableName="FCR_ColumnAliases" indexName="K01_ColAliases" unique="true">
      <column name="ParameterName"/>
      <column name="ColumnName"/>
    </createIndex>
  </changeSet>
  <changeSet id="1.01.51.8" author="ЛЕХАНОВ Д.Н." runInTransaction="false">
    <preConditions onFail="MARK_RAN"><and><or><dbms type="mssql"/><dbms type="sybase"/></or><not><sqlCheck expectedResult="1">select count(1) from sysindexes where upper(name) = upper('K01_ColAliases')</sqlCheck></not></and></preConditions>
    <createIndex tableName="FCR_ColumnAliases" indexName="K01_ColAliases" unique="true">
      <column name="ParameterName"/>
      <column name="ColumnName"/>
    </createIndex>
  </changeSet>
  <changeSet id="1.01.51.9" author="ЛЕХАНОВ Д.Н." runInTransaction="false">
    <preConditions onFail="MARK_RAN"><and><not><dbms type="oracle"/><dbms type="db2"/><dbms type="mssql"/><dbms type="sybase"/></not><not><indexExists indexName="K01_ColAliases"/></not></and></preConditions>
    <createIndex tableName="FCR_ColumnAliases" indexName="K01_ColAliases" unique="true">
      <column name="ParameterName"/>
      <column name="ColumnName"/>
    </createIndex>
  </changeSet>
  <changeSet id="1.01.51.10" author="ЛЕХАНОВ Д.Н." runInTransaction="false">
    <preConditions onFail="MARK_RAN"><and><dbms type="oracle"/><sqlCheck expectedResult="1">select count(1) from user_tables where upper(table_name) = upper('tmpSessionVar')</sqlCheck></and></preConditions>
    <sql splitStatements="false">DECLARE
  v_SQLStr         VARCHAR2(255) := '';
BEGIN
  SELECT 'ALTER SESSION SET recyclebin = ' || UPPER(VarValue) into v_SQLStr
    FROM tmpSessionVar
   WHERE VarName = 'recyclebin';

  execute immediate v_SQLStr;
EXCEPTION
  WHEN OTHERS THEN NULL;
END;</sql>
  </changeSet>
</databaseChangeLog>
