<?xml version="1.0" encoding="UTF-8"?>
<databaseChangeLog xmlns="http://www.liquibase.org/xml/ns/dbchangelog" xmlns:xsi="http://www.w3.org/2001/XMLSchema-instance" xsi:schemaLocation="http://www.liquibase.org/xml/ns/dbchangelog http://www.liquibase.org/xml/ns/dbchangelog/dbchangelog-2.0.xsd">
        <preConditions>
                <or>
                        <dbms type="oracle"/>
                        <dbms type="mssql"/>
                        <dbms type="h2"/>
                        <dbms type="sybase"/>
                        <dbms type="db2"/>
                        <dbms type="postgresql"/>
                </or>
        </preConditions>

        <include file="releases/1.01.01.xml" relativeToChangelogFile="true"/>
		<include file="updates/1.02-add-addresses.xml" relativeToChangelogFile="true"/>
		<include file="updates/skonstatinov.xml" relativeToChangelogFile="true"/>
</databaseChangeLog>

