<?xml version="1.0" encoding="UTF-8"?>
<assembly>
	<id>metadata</id>
	<formats>
		<format>zip</format>
	</formats>
	<includeBaseDirectory>false</includeBaseDirectory>

	<fileSets>
		<fileSet>
			<directory>${basedir}/target/classes</directory>
			<outputDirectory>FTFCReport_metadata</outputDirectory>
			<includes>
				<include>FORMS/**/*</include>
				<include>PAGEFLOW/**/*</include>
				<include>MENU/**/*</include>
				<include>BUNDLES/**/*</include>
				<include>JS/**/*</include>
				<include>PROCESSES/**/*</include>
				<include>REPORTS/**/*</include>
				<include>STATIC/**/*</include>
				<include>SKINS/**/*</include>
			</includes>
		</fileSet>
	</fileSets>
</assembly>
