<?xml version="1.0" encoding="UTF-8"?>
<databaseChangeLog xmlns="http://www.liquibase.org/xml/ns/dbchangelog"
  xmlns:xsi="http://www.w3.org/2001/XMLSchema-instance"
  xsi:schemaLocation="http://www.liquibase.org/xml/ns/dbchangelog http://www.liquibase.org/xml/ns/dbchangelog/dbchangelog-2.0.xsd">


    <changeSet id="CREATE-TABLE-ADDRESSES" author="asnopkov">
        <preConditions onFail="MARK_RAN">
            <not>
                <tableExists tableName="ADDRESSES"/>
            </not>
        </preConditions>
        <createTable tableName="ADDRESSES">
            <column name="USERID" type="NUMERIC"/>
            <column name="ADDRESS" type="VARCHAR(255)"/>
        </createTable>
    </changeSet>
    
</databaseChangeLog>