<?xml version="1.0" encoding="UTF-8"?>
<databaseChangeLog xmlns="http://www.liquibase.org/xml/ns/dbchangelog"
  xmlns:xsi="http://www.w3.org/2001/XMLSchema-instance"
  xsi:schemaLocation="http://www.liquibase.org/xml/ns/dbchangelog http://www.liquibase.org/xml/ns/dbchangelog/dbchangelog-2.0.xsd">


    <changeSet id="CREATE-TABLE-task12_2" author="skonstantinov">
        <preConditions onFail="MARK_RAN">
            <not>
                <tableExists tableName="task12_2"/>
				
            </not>
        </preConditions>
        <createTable tableName="task12_2">
            <column name="USERID" type="NUMERIC"/>
            <column name="USERNAME" type="VARCHAR(100)"/>
			<column name="REGDATE" type="DATE"/>
        </createTable>
    </changeSet>
	
	
	
<changeSet id="addcolums-task12_2" author="skonstantinov">
        <preConditions onFail="MARK_RAN">
            <and>
                <tableExists tableName="task12_2"/>
				<not>
					<columnExists tableName="task12_2" columnName="SKONST"/>
				</not>
			</and>          
        </preConditions>
        <addColumn tableName="task12_2">    
            <column name="SKONST" type="VARCHAR(100)"/>
        </addColumn>
    </changeSet>    
</databaseChangeLog>