<?xml version="1.0" encoding="UTF-8"?>
<module>    
    <sysname>ftfcreport</sysname>
	<name>FTFCReport</name>
	<description>FLEXTERA "Финансовое ядро. Механизм отчетов"</description>
	<!-- имя БД для модуля, которое должно быть настроено на стенде -->
	<dbalias>ftfcreport_db</dbalias>
	<!-- имя проекта для загрузки в его директории метаданных -->
	<project>FTFCREPORT</project>
	<!-- сервисы входящие в модуль, может быть более одного -->
	<config>
		<param>
			<key>dataSource</key>					
		</param>				
		<param>
			<key>useAudit</key>
		</param>
		<param>
			<key>dateFormat</key>
		</param>
		<param>
			<key>corews</key>
		</param>
		<param>
            <key>isGeneratedService</key>
            <description>Изменить параметр загрузки классов</description>
            <controltype>text</controltype>
            <defaultvalue>true</defaultvalue>
        </param>
		<param>
			<key>adminws</key>
			<description></description>
			<controltype>text</controltype>
			<defaultvalue>service[adminws].url</defaultvalue>
		</param>
		<param>
			<key>refws</key>
			<description></description>
			<controltype>text</controltype>
			<defaultvalue>service[refws].url</defaultvalue>
		</param>
		<param>
			<key>service</key>
			<description></description>
			<controltype>text</controltype>
			<defaultvalue>service.url</defaultvalue>
		</param>	
		<param>
			<key>ESB.url</key>
			<description></description>
			<controltype>text</controltype>
			<defaultvalue>service[registryws].url</defaultvalue>
		</param>	
		<param>
			<key>ESB.login</key>
			<description></description>
			<controltype>text</controltype>
			<defaultvalue>REG_ADMIN</defaultvalue>
		</param>	
		<param>
			<key>ESB.password</key>
			<description></description>
			<controltype>text</controltype>
			<defaultvalue>12345678</defaultvalue>
		</param>	
	</config>
</module>